prefecture,ranking,city,land_price,ping_unit_price,change
東京都の,1位,中央区,551万3904円/m2,1822万7784円/坪,+8.29％
東京都の,2位,千代田区,513万5088円/m2,1697万5500円/坪,+5.32％
東京都の,3位,港区,306万5478円/m2,1013万3812円/坪,+10.97％
東京都の,4位,渋谷区,279万9488円/m2,925万4506円/坪,+9.41％
東京都の,5位,新宿区,272万3362円/m2,900万2852円/坪,+3.02％
東京都の,6位,豊島区,119万7328円/m2,395万8112円/坪,+0.41％
東京都の,7位,台東区,108万3102円/m2,358万0504円/坪,-5.00％
東京都の,8位,目黒区,100万0887円/m2,330万8717円/坪,-0.91％
東京都の,9位,文京区,99万5246円/m2,329万0070円/坪,+2.40％
東京都の,10位,品川区,92万6790円/m2,306万3768円/坪,+0.22％
東京都の,11位,武蔵野市,89万5956円/m2,296万1839円/坪,+1.02％
東京都の,12位,中野区,66万9768円/m2,221万4109円/坪,+1.28％
東京都の,13位,世田谷区,60万4110円/m2,199万7057円/坪,+1.11％
東京都の,14位,杉並区,54万8902円/m2,181万4553円/坪,+0.47％
東京都の,15位,大田区,54万3185円/m2,179万5653円/坪,+1.05％
東京都の,16位,北区,53万3205円/m2,176万2662円/坪,-3.21％
東京都の,17位,荒川区,50万7380円/m2,167万7292円/坪,-0.76％
東京都の,18位,墨田区,50万0488円/m2,165万4507円/坪,+1.30％
東京都の,19位,三鷹市,49万2810円/m2,162万9125円/坪,+0.82％
東京都の,20位,江東区,49万2150円/m2,162万6944円/坪,+1.62％
東京都の,21位,立川市,47万5783円/m2,157万2837円/坪,-0.91％
東京都の,22位,板橋区,43万3693円/m2,143万3696円/坪,+0.13％
東京都の,23位,練馬区,40万0625円/m2,132万4382円/坪,-0.83％
東京都の,24位,小金井市,38万5676円/m2,127万4963円/坪,-1.86％
秋田県,1位,秋田市,3万7166円/m2,12万2862円/坪,-2.62％
東京都の,25位,国分寺市,37万9787円/m2,125万5497円/坪,+0.05％
東京都の,26位,調布市,37万3313円/m2,123万4093円/坪,+0.88％
東京都の,27位,江戸川区,35万4930円/m2,117万3324円/坪,-0.29％
東京都の,28位,国立市,35万3000円/m2,116万6942円/坪,+0.79％
東京都の,29位,葛飾区,33万1406円/m2,109万5558円/坪,-1.07％
東京都の,30位,足立区,33万1073円/m2,109万4457円/坪,-2.32％
東京都の,31位,府中市,32万2209円/m2,106万5156円/坪,-0.75％
東京都の,32位,狛江市,31万8350円/m2,105万2396円/坪,-0.50％
秋田県,2位,大館市,1万6283円/m2,5万3829円/坪,-2.60％
秋田県,3位,由利本荘市,1万5477円/m2,5万1166円/坪,-0.20％
秋田県,4位,にかほ市,1万5333円/m2,5万0688円/坪,-4.10％
秋田県,5位,鹿角市,1万5187円/m2,5万0206円/坪,-3.61％
秋田県,6位,仙北市,1万4886円/m2,4万9210円/坪,-4.88％
秋田県,7位,大仙市,1万4838円/m2,4万9052円/坪,-3.74％
鳥取県,1位,鳥取市,4万1659円/m2,13万7717円/坪,-1.15％
鳥取県,2位,米子市,3万7473円/m2,12万3878円/坪,-1.75％
鳥取県,3位,日吉津村,2万8075円/m2,9万2809円/坪,-0.53％
鳥取県,4位,倉吉市,2万5800円/m2,8万5289円/坪,-1.08％
福島県,1位,郡山市,5万7031円/m2,18万8532円/坪,+2.02％
東京都の,33位,西東京市,28万9482円/m2,95万6965円/坪,+0.53％
東京都の,34位,小平市,23万8704円/m2,78万9107円/坪,+0.43％
東京都の,35位,町田市,23万3136円/m2,77万0697円/坪,-0.20％
東京都の,36位,多摩市,21万8892円/m2,72万3612円/坪,-2.21％
東京都の,37位,東久留米市,21万6358円/m2,71万5236円/坪,-0.60％
東京都の,38位,稲城市,21万1911円/m2,70万0532円/坪,+1.46％
東京都の,39位,清瀬市,20万9033円/m2,69万1019円/坪,-1.33％
東京都の,40位,日野市,20万8343円/m2,68万8739円/坪,+0.61％
佐賀県,1位,佐賀市,4万5203円/m2,14万9434円/坪,-0.66％
佐賀県,2位,鳥栖市,4万3342円/m2,14万3280円/坪,-0.40％
秋田県,8位,能代市,1万4835円/m2,4万9041円/坪,-4.81％
秋田県,9位,横手市,1万3506円/m2,4万4650円/坪,-4.33％
秋田県,10位,湯沢市,1万2880円/m2,4万2579円/坪,-3.28％
秋田県,11位,八郎潟町,1万2383円/m2,4万0936円/坪,-4.25％
秋田県,12位,潟上市,1万2003円/m2,3万9681円/坪,-4.24％
秋田県,13位,五城目町,1万0735円/m2,3万5489円/坪,-3.78％
鳥取県,5位,智頭町,2万1916円/m2,7万2451円/坪,-4.57％
鳥取県,6位,八頭町,1万9584円/m2,6万4742円/坪,-1.32％
鳥取県,7位,境港市,1万9469円/m2,6万4361円/坪,-2.24％
鳥取県,8位,三朝町,1万7200円/m2,5万6859円/坪,-3.46％
鳥取県,9位,琴浦町,1万6830円/m2,5万5636円/坪,-3.39％
鳥取県,10位,湯梨浜町,1万6726円/m2,5万5295円/坪,-1.83％
鳥取県,11位,岩美町,1万5720円/m2,5万1966円/坪,-2.00％
鳥取県,12位,北栄町,1万3450円/m2,4万4462円/坪,-2.18％
福島県,2位,福島市,4万8468円/m2,16万0226円/坪,+2.52％
福島県,3位,いわき市,4万0155円/m2,13万2744円/坪,+5.26％
福島県,4位,会津若松市,3万6340円/m2,12万0134円/坪,+0.40％
福島県,5位,相馬市,3万1866円/m2,10万5344円/坪,+0.90％
福島県,6位,須賀川市,2万6090円/m2,8万6248円/坪,+0.69％
福島県,7位,南相馬市,2万5584円/m2,8万4577円/坪,+2.83％
東京都の,41位,東村山市,20万8000円/m2,68万7603円/坪,-2.01％
東京都の,42位,昭島市,19万4405円/m2,64万2662円/坪,+1.54％
東京都の,43位,福生市,19万3041円/m2,63万8154円/坪,+0.38％
東京都の,44位,東大和市,16万7837円/m2,55万4835円/坪,+1.95％
東京都の,45位,八王子市,15万5461円/m2,51万3923円/坪,-0.58％
佐賀県,3位,基山町,3万0111円/m2,9万9540円/坪,-1.99％
佐賀県,4位,伊万里市,2万7830円/m2,9万2002円/坪,-3.95％
佐賀県,5位,唐津市,2万5236円/m2,8万3427円/坪,-2.67％
佐賀県,6位,武雄市,2万4473円/m2,8万0905円/坪,-1.76％
佐賀県,7位,鹿島市,2万4145円/m2,7万9819円/坪,-2.75％
佐賀県,8位,小城市,2万2950円/m2,7万5867円/坪,-1.78％
佐賀県,9位,みやき町,2万2836円/m2,7万5492円/坪,-0.15％
秋田県,14位,男鹿市,1万0441円/m2,3万4517円/坪,-5.22％
秋田県,15位,井川町,1万0016円/m2,3万3112円/坪,-2.44％
秋田県,16位,北秋田市,9806円/m2,3万2419円/坪,+2.21％
秋田県,17位,小坂町,9600円/m2,3万1735円/坪,-2.24％
秋田県,18位,羽後町,8650円/m2,2万8595円/坪,-3.46％
秋田県,19位,美郷町,8605円/m2,2万8446円/坪,-9.10％
秋田県,20位,大潟村,8300円/m2,2万7438円/坪,+0.00％
鳥取県,13位,伯耆町,1万1416円/m2,3万7741円/坪,-3.11％
鳥取県,14位,南部町,1万0975円/m2,3万6280円/坪,-2.15％
鳥取県,15位,若桜町,1万0956円/m2,3万6218円/坪,-3.27％
鳥取県,16位,日野町,9800円/m2,3万2396円/坪,-2.97％
鳥取県,17位,大山町,8856円/m2,2万9276円/坪,-2.68％
鳥取県,18位,江府町,7750円/m2,2万5619円/坪,-3.13％
鳥取県,19位,日南町,7650円/m2,2万5289円/坪,-0.65％
青森県,1位,青森市,4万2766円/m2,14万1377円/坪,-0.94％
福島県,8位,西郷村,2万4830円/m2,8万2082円/坪,+0.29％
福島県,9位,桑折町,2万2657円/m2,7万4899円/坪,-0.03％
福島県,10位,白河市,2万2447円/m2,7万4205円/坪,-2.09％
福島県,11位,二本松市,2万2221円/m2,7万3458円/坪,-0.42％
福島県,12位,石川町,2万2164円/m2,7万3270円/坪,+0.25％
福島県,13位,本宮市,2万1895円/m2,7万2382円/坪,+0.53％
東京都の,46位,羽村市,14万5142円/m2,47万9808円/坪,-0.03％
東京都の,47位,武蔵村山市,12万1833円/m2,40万2754円/坪,+0.27％
東京都の,48位,青梅市,10万7400円/m2,35万5041円/坪,+0.32％
東京都の,49位,あきる野市,9万9463円/m2,32万8806円/坪,-1.13％
東京都の,50位,瑞穂町,9万2959円/m2,30万7302円/坪,+1.37％
東京都の,51位,日の出町,7万7680円/m2,25万6793円/坪,+0.44％
山形県,1位,山形市,6万5526円/m2,21万6617円/坪,-0.29％
山形県,2位,天童市,3万5112円/m2,11万6073円/坪,-3.43％
佐賀県,10位,嬉野市,2万1813円/m2,7万2111円/坪,-2.88％
佐賀県,11位,江北町,2万0200円/m2,6万6776円/坪,+8.21％
佐賀県,12位,吉野ヶ里町,1万9991円/m2,6万6088円/坪,-1.19％
佐賀県,13位,上峰町,1万9840円/m2,6万5586円/坪,-1.88％
佐賀県,14位,神埼市,1万9640円/m2,6万4928円/坪,-1.91％
佐賀県,15位,有田町,1万8347円/m2,6万0654円/坪,-2.71％
秋田県,21位,三種町,5660円/m2,1万8710円/坪,-5.35％
秋田県,22位,八峰町,5600円/m2,1万8512円/坪,-4.14％
秋田県,23位,藤里町,4500円/m2,1万4876円/坪,-3.57％
秋田県,24位,東成瀬村,4050円/m2,1万3388円/坪,-4.71％
秋田県,25位,上小阿仁村,3100円/m2,1万0247円/坪,-3.13％
青森県,2位,八戸市,3万6788円/m2,12万1614円/坪,-2.79％
青森県,3位,弘前市,3万1485円/m2,10万4082円/坪,-1.25％
青森県,4位,三沢市,2万1515円/m2,7万1125円/坪,-0.14％
青森県,5位,三戸町,1万7100円/m2,5万6528円/坪,-2.51％
青森県,6位,五所川原市,1万6731円/m2,5万5311円/坪,-2.13％
青森県,7位,十和田市,1万5390円/m2,5万0879円/坪,-0.70％
青森県,8位,鰺ヶ沢町,1万4000円/m2,4万6280円/坪,-3.61％
青森県,9位,野辺地町,1万3728円/m2,4万5383円/坪,-3.32％
青森県,10位,むつ市,1万3551円/m2,4万4799円/坪,-2.05％
福島県,14位,会津坂下町,2万1872円/m2,7万2305円/坪,+0.00％
福島県,15位,三春町,2万1805円/m2,7万2082円/坪,-0.73％
福島県,16位,伊達市,2万1532円/m2,7万1181円/坪,+0.93％
福島県,17位,矢吹町,2万1456円/m2,7万0929円/坪,-0.38％
福島県,18位,鏡石町,1万9815円/m2,6万5504円/坪,+1.05％
福島県,19位,川俣町,1万9042円/m2,6万2951円/坪,-0.30％
東京都の,52位,小笠原村,2万9345円/m2,9万7009円/坪,+0.00％
東京都の,53位,奥多摩町,2万8725円/m2,9万4958円/坪,-1.96％
東京都の,54位,檜原村,2万0766円/m2,6万8650円/坪,-1.89％
東京都の,55位,大島町,1万6075円/m2,5万3140円/坪,-1.00％
東京都の,56位,八丈町,1万5085円/m2,4万9870円/坪,-0.47％
東京都の,57位,三宅村,9383円/m2,3万1019円/坪,-1.05％
東京都の,58位,神津島村,7850円/m2,2万5950円/坪,+0.00％
山形県,3位,寒河江市,3万3641円/m2,11万1212円/坪,+1.14％
山形県,4位,東根市,2万8373円/m2,9万3795円/坪,-0.85％
山形県,5位,新庄市,2万8210円/m2,9万3259円/坪,+3.68％
山形県,6位,上山市,2万7613円/m2,9万1283円/坪,-1.69％
山形県,7位,米沢市,2万5017円/m2,8万2701円/坪,-1.43％
山形県,8位,山辺町,2万3033円/m2,7万6143円/坪,-0.79％
山形県,9位,酒田市,2万1932円/m2,7万2505円/坪,-0.53％
山形県,10位,鶴岡市,2万1252円/m2,7万0254円/坪,+0.85％
山形県,11位,南陽市,2万1041円/m2,6万9559円/坪,-0.95％
佐賀県,16位,多久市,1万5412円/m2,5万0950円/坪,-3.33％
佐賀県,17位,白石町,1万5107円/m2,4万9942円/坪,-4.58％
佐賀県,18位,大町町,1万4833円/m2,4万9035円/坪,-3.89％
佐賀県,19位,太良町,1万4100円/m2,4万6611円/坪,-2.53％
佐賀県,20位,玄海町,9805円/m2,3万2413円/坪,-2.44％
島根県,1位,松江市,4万8595円/m2,16万0647円/坪,-1.54％
青森県,11位,黒石市,1万3341円/m2,4万4104円/坪,-2.73％
青森県,12位,板柳町,1万3014円/m2,4万3022円/坪,-2.88％
青森県,13位,おいらせ町,1万2442円/m2,4万1133円/坪,-1.47％
青森県,14位,五戸町,1万1744円/m2,3万8824円/坪,+1.25％
青森県,15位,藤崎町,1万1725円/m2,3万8760円/坪,-2.97％
青森県,16位,南部町,1万1513円/m2,3万8060円/坪,-1.72％
青森県,17位,大鰐町,1万1475円/m2,3万7933円/坪,-2.96％
青森県,18位,七戸町,1万1336円/m2,3万7475円/坪,-3.03％
青森県,19位,鶴田町,1万1257円/m2,3万7213円/坪,-2.72％
青森県,20位,平川市,1万1170円/m2,3万6927円/坪,-2.39％
福島県,20位,国見町,1万8641円/m2,6万1625円/坪,+0.09％
福島県,21位,棚倉町,1万8605円/m2,6万1506円/坪,-0.84％
福島県,22位,広野町,1万8333円/m2,6万0606円/坪,+2.42％
福島県,23位,塙町,1万7185円/m2,5万6812円/坪,-1.31％
福島県,24位,猪苗代町,1万7018円/m2,5万6260円/坪,-0.97％
福島県,25位,浅川町,1万6708円/m2,5万5234円/坪,-1.28％
東京都の,59位,新島村,7483円/m2,2万4738円/坪,+0.00％
東京都の,*,利島村,,,
東京都の,*,青ヶ島村,,,
東京都の,*,御蔵島村,,,
山形県,12位,長井市,2万0730円/m2,6万8528円/坪,-1.83％
山形県,13位,中山町,2万0500円/m2,6万7768円/坪,-1.51％
山形県,14位,村山市,1万9672円/m2,6万5032円/坪,-1.58％
山形県,15位,河北町,1万9435円/m2,6万4247円/坪,-1.11％
山形県,16位,高畠町,1万8031円/m2,5万9607円/坪,-0.89％
山形県,17位,尾花沢市,1万4568円/m2,4万8161円/坪,-2.64％
山形県,18位,三川町,1万3684円/m2,4万5237円/坪,-0.33％
山形県,19位,大石田町,1万3627円/m2,4万5048円/坪,+11.21％
山形県,20位,川西町,1万3575円/m2,4万4876円/坪,-1.81％
島根県,2位,出雲市,2万9872円/m2,9万8751円/坪,-0.11％
島根県,3位,益田市,2万8773円/m2,9万5120円/坪,-1.64％
島根県,4位,浜田市,2万8451円/m2,9万4055円/坪,-5.67％
島根県,5位,安来市,2万5863円/m2,8万5498円/坪,-1.47％
島根県,6位,隠岐の島町,2万4535円/m2,8万1107円/坪,-3.23％
島根県,7位,津和野町,2万3677円/m2,7万8271円/坪,-3.93％
島根県,8位,大田市,2万2700円/m2,7万5041円/坪,-3.07％
青森県,21位,平内町,1万1157円/m2,3万6883円/坪,-2.74％
青森県,22位,階上町,9700円/m2,3万2066円/坪,-2.58％
青森県,23位,東北町,8409円/m2,2万7798円/坪,-5.52％
青森県,24位,つがる市,8252円/m2,2万7281円/坪,-7.34％
青森県,25位,田子町,8160円/m2,2万6975円/坪,-3.09％
青森県,26位,田舎館村,8121円/m2,2万6847円/坪,-2.32％
青森県,27位,中泊町,7922円/m2,2万6189円/坪,-3.13％
福島県,26位,小野町,1万6335円/m2,5万3999円/坪,-1.31％
福島県,27位,喜多方市,1万6000円/m2,5万2893円/坪,-1.06％
福島県,28位,新地町,1万5700円/m2,5万1900円/坪,+1.07％
福島県,29位,矢祭町,1万4862円/m2,4万9132円/坪,-1.33％
福島県,30位,大玉村,1万4640円/m2,4万8396円/坪,+4.13％
福島県,31位,会津美里町,1万3581円/m2,4万4896円/坪,-0.90％
福島県,32位,田村市,1万2313円/m2,4万0706円/坪,-0.44％
福島県,33位,南会津町,1万1548円/m2,3万8177円/坪,-3.53％
福島県,34位,泉崎村,1万1522円/m2,3万8089円/坪,-4.00％
山形県,21位,大江町,1万3482円/m2,4万4571円/坪,-1.93％
山形県,22位,小国町,1万2836円/m2,4万2435円/坪,-2.25％
山形県,23位,庄内町,1万1957円/m2,3万9528円/坪,-2.15％
山形県,24位,遊佐町,1万1758円/m2,3万8871円/坪,-2.23％
山形県,25位,白鷹町,1万0998円/m2,3万6358円/坪,-1.81％
山形県,26位,真室川町,1万0281円/m2,3万3988円/坪,-2.36％
山形県,27位,最上町,1万0026円/m2,3万3146円/坪,-2.35％
島根県,9位,江津市,2万2107円/m2,7万3081円/坪,-1.53％
島根県,10位,西ノ島町,2万1550円/m2,7万1239円/坪,-3.79％
島根県,11位,雲南市,1万7739円/m2,5万8642円/坪,-1.78％
島根県,12位,奥出雲町,1万6311円/m2,5万3922円/坪,-1.69％
島根県,13位,川本町,1万4166円/m2,4万6831円/坪,-5.97％
島根県,14位,吉賀町,1万2603円/m2,4万1665円/坪,-10.22％
島根県,15位,海士町,9925円/m2,3万2809円/坪,-2.22％
島根県,16位,飯南町,8462円/m2,2万7975円/坪,-2.17％
青森県,28位,六ヶ所村,7900円/m2,2万6115円/坪,+4.34％
青森県,29位,横浜町,7833円/m2,2万5895円/坪,-2.89％
青森県,30位,今別町,7150円/m2,2万3636円/坪,-2.72％
青森県,31位,外ヶ浜町,7070円/m2,2万3371円/坪,-1.29％
青森県,32位,六戸町,7057円/m2,2万3329円/坪,-2.56％
青森県,33位,深浦町,6392円/m2,2万1133円/坪,-3.03％
青森県,34位,佐井村,6233円/m2,2万0606円/坪,-5.08％
青森県,35位,風間浦村,6200円/m2,2万0495円/坪,-3.88％
福島県,35位,玉川村,1万1358円/m2,3万7548円/坪,-0.53％
福島県,36位,楢葉町,1万0860円/m2,3万5900円/坪,％
福島県,37位,下郷町,1万0700円/m2,3万5371円/坪,+0.00％
福島県,38位,西会津町,1万0320円/m2,3万4115円/坪,-2.05％
福島県,39位,中島村,9196円/m2,3万0399円/坪,-0.07％
福島県,40位,古殿町,8932円/m2,2万9528円/坪,-1.24％
福島県,41位,北塩原村,8563円/m2,2万8308円/坪,-1.57％
山形県,28位,金山町,9462円/m2,3万1280円/坪,-2.22％
山形県,29位,朝日町,8598円/m2,2万8425円/坪,-1.76％
山形県,30位,舟形町,8120円/m2,2万6842円/坪,-2.14％
山形県,31位,西川町,7031円/m2,2万3244円/坪,-2.52％
山形県,32位,大蔵村,6326円/m2,2万0914円/坪,-2.97％
山形県,33位,飯豊町,4950円/m2,1万6363円/坪,-2.56％
山形県,34位,鮭川村,4672円/m2,1万5446円/坪,-3.26％
島根県,17位,美郷町,7890円/m2,2万6082円/坪,-3.66％
島根県,18位,知夫村,6550円/m2,2万1652円/坪,-2.24％
島根県,19位,邑南町,5090円/m2,1万6829円/坪,-0.47％
青森県,36位,大間町,6087円/m2,2万0123円/坪,+49.08％
青森県,37位,蓬田村,5450円/m2,1万8016円/坪,-2.68％
青森県,38位,新郷村,5150円/m2,1万7024円/坪,-3.44％
青森県,39位,東通村,3500円/m2,1万1570円/坪,-2.78％
青森県,40位,西目屋村,2850円/m2,9421円/坪,-18.57％
福島県,42位,柳津町,8555円/m2,2万8280円/坪,-1.10％
福島県,43位,磐梯町,8331円/m2,2万7542円/坪,-0.68％
福島県,44位,湯川村,8092円/m2,2万6752円/坪,+0.00％
福島県,45位,只見町,7890円/m2,2万6082円/坪,-0.54％
福島県,46位,平田村,7602円/m2,2万5130円/坪,-0.73％
山形県,35位,戸沢村,4552円/m2,1万5049円/坪,-3.45％
福島県,47位,天栄村,7596円/m2,2万5112円/坪,-0.70％
福島県,48位,金山町,5827円/m2,1万9264円/坪,-1.10％
福島県,49位,鮫川村,5453円/m2,1万8027円/坪,-0.85％
福島県,50位,檜枝岐村,5180円/m2,1万7123円/坪,+0.00％
福島県,51位,三島町,5170円/m2,1万7090円/坪,-0.96％
福島県,52位,川内村,3833円/m2,1万2672円/坪,+0.00％
福島県,53位,昭和村,3343円/m2,1万1052円/坪,-0.50％
福島県,*,富岡町,,,
福島県,*,大熊町,,,
福島県,*,浪江町,,,
福島県,*,飯舘村,,,
福島県,*,双葉町,,,
福島県,*,葛尾村,,,
岩手県,1位,盛岡市,6万1104円/m2,20万1997円/坪,-0.05％
岩手県,2位,釜石市,4万2007円/m2,13万8866円/坪,-1.76％
岩手県,3位,宮古市,3万2107円/m2,10万6139円/坪,-0.16％
岩手県,4位,北上市,3万1747円/m2,10万4949円/坪,-1.26％
岩手県,5位,矢巾町,3万1200円/m2,10万3140円/坪,-0.30％
岩手県,6位,滝沢市,2万9786円/m2,9万8468円/坪,-0.36％
岩手県,7位,大船渡市,2万9623円/m2,9万7929円/坪,+1.39％
岩手県,8位,紫波町,2万9444円/m2,9万7336円/坪,-0.60％
岩手県,9位,山田町,2万7900円/m2,9万2231円/坪,+1.03％
岩手県,10位,二戸市,2万4733円/m2,8万1763円/坪,+1.75％
岩手県,11位,平泉町,2万2833円/m2,7万5482円/坪,-1.72％
岩手県,12位,大槌町,2万2183円/m2,7万3333円/坪,-0.22％
岩手県,13位,奥州市,2万1962円/m2,7万2603円/坪,-0.72％
岩手県,14位,一関市,2万1675円/m2,7万1655円/坪,+0.98％
岩手県,15位,岩手町,2万1516円/m2,7万1129円/坪,-4.01％
岩手県,16位,花巻市,2万1444円/m2,7万0889円/坪,-2.06％
岩手県,17位,久慈市,2万1406円/m2,7万0765円/坪,-2.44％
岩手県,18位,遠野市,2万0375円/m2,6万7355円/坪,-2.18％
岩手県,19位,一戸町,2万0085円/m2,6万6399円/坪,-3.83％
岩手県,20位,軽米町,2万0000円/m2,6万6115円/坪,-7.12％
岩手県,21位,岩泉町,1万9500円/m2,6万4462円/坪,-15.13％
岩手県,22位,金ケ崎町,1万9047円/m2,6万2966円/坪,-1.04％
岩手県,23位,雫石町,1万8716円/m2,6万1873円/坪,-4.02％
岩手県,24位,陸前高田市,1万6037円/m2,5万3016円/坪,+1.25％
岩手県,25位,洋野町,1万3852円/m2,4万5793円/坪,-3.80％
岩手県,26位,普代村,1万3633円/m2,4万5068円/坪,-3.76％
岩手県,27位,八幡平市,1万2998円/m2,4万2968円/坪,-3.25％
岩手県,28位,野田村,1万2980円/m2,4万2909円/坪,-1.10％
岩手県,29位,葛巻町,1万2342円/m2,4万0799円/坪,-6.00％
岩手県,30位,九戸村,1万1900円/m2,3万9338円/坪,-4.42％
岩手県,31位,住田町,1万1000円/m2,3万6363円/坪,-1.89％
岩手県,32位,田野畑村,7816円/m2,2万5840円/坪,-2.09％
岩手県,33位,西和賀町,6133円/m2,2万0275円/坪,-5.35％
宮崎県,1位,宮崎市,5万6410円/m2,18万6479円/坪,+0.15％
宮崎県,2位,延岡市,3万1910円/m2,10万5490円/坪,-1.71％
宮崎県,3位,日向市,3万0358円/m2,10万0360円/坪,-0.95％
宮崎県,4位,高鍋町,2万6750円/m2,8万8429円/坪,-2.10％
宮崎県,5位,都城市,2万3604円/m2,7万8032円/坪,-0.29％
宮崎県,6位,西都市,2万2410円/m2,7万4082円/坪,-1.32％
宮崎県,7位,日南市,2万1240円/m2,7万0217円/坪,+1.27％
宮崎県,8位,国富町,2万0230円/m2,6万6876円/坪,-1.37％
山口県,1位,和木町,6万5142円/m2,21万5348円/坪,-1.02％
山口県,2位,下松市,4万4542円/m2,14万7247円/坪,-2.88％
宮崎県,9位,高千穂町,1万9250円/m2,6万3636円/坪,-1.62％
宮崎県,10位,門川町,1万8583円/m2,6万1432円/坪,-1.06％
宮崎県,11位,小林市,1万8262円/m2,6万0371円/坪,-2.63％
宮崎県,12位,新富町,1万7725円/m2,5万8595円/坪,-1.46％
宮崎県,13位,三股町,1万7050円/m2,5万6363円/坪,-1.02％
宮崎県,14位,綾町,1万6614円/m2,5万4923円/坪,-0.17％
山梨県,1位,甲府市,5万3624円/m2,17万7271円/坪,-1.77％
山口県,3位,岩国市,4万3845円/m2,14万4943円/坪,+2.24％
山口県,4位,周南市,3万9826円/m2,13万1658円/坪,+1.98％
山口県,5位,下関市,3万9327円/m2,13万0008円/坪,-1.79％
山口県,6位,山口市,3万8095円/m2,12万5935円/坪,-1.51％
長野県,1位,軽井沢町,7万9515円/m2,26万2860円/坪,+0.93％
宮崎県,15位,串間市,1万5490円/m2,5万1206円/坪,-4.32％
宮崎県,16位,川南町,1万4914円/m2,4万9303円/坪,-1.14％
宮崎県,17位,えびの市,1万4411円/m2,4万7640円/坪,-2.55％
宮崎県,18位,都農町,1万3066円/m2,4万3195円/坪,-2.37％
宮崎県,19位,高原町,1万3028円/m2,4万3069円/坪,-2.77％
宮崎県,20位,木城町,9500円/m2,3万1404円/坪,-0.35％
宮崎県,21位,西米良村,7183円/m2,2万3746円/坪,-0.23％
茨城県,1位,守谷市,9万0029円/m2,29万7618円/坪,-0.24％
山梨県,2位,大月市,5万0000円/m2,16万5289円/坪,-3.47％
山梨県,3位,昭和町,4万6961円/m2,15万5244円/坪,-0.80％
山梨県,4位,上野原市,4万2409円/m2,14万0195円/坪,-2.00％
山梨県,5位,都留市,4万1821円/m2,13万8252円/坪,-0.70％
山梨県,6位,富士吉田市,4万0400円/m2,13万3553円/坪,-5.41％
山梨県,7位,甲斐市,3万7414円/m2,12万3683円/坪,-0.61％
山梨県,8位,韮崎市,3万4076円/m2,11万2650円/坪,-2.32％
山口県,7位,柳井市,3万2631円/m2,10万7871円/坪,-1.79％
山口県,8位,防府市,3万1745円/m2,10万4942円/坪,-1.22％
山口県,9位,宇部市,2万9890円/m2,9万8810円/坪,-2.91％
山口県,10位,光市,2万8953円/m2,9万5712円/坪,-2.23％
山口県,11位,山陽小野田市,2万3878円/m2,7万8937円/坪,+0.62％
山口県,12位,田布施町,2万3050円/m2,7万6198円/坪,-1.28％
山口県,13位,平生町,2万2301円/m2,7万3723円/坪,-0.99％
山口県,14位,萩市,1万9105円/m2,6万3158円/坪,-5.23％
山口県,15位,周防大島町,1万7078円/m2,5万6458円/坪,-1.83％
長野県,2位,長野市,6万5222円/m2,21万5609円/坪,-3.00％
長野県,3位,松本市,6万0796円/m2,20万0979円/坪,+1.15％
長野県,4位,下諏訪町,4万7785円/m2,15万7969円/坪,-1.96％
長野県,5位,諏訪市,4万3041円/m2,14万2286円/坪,-2.07％
長野県,6位,岡谷市,4万2909円/m2,14万1848円/坪,-2.28％
長野県,7位,塩尻市,4万1347円/m2,13万6686円/坪,-0.34％
宮崎県,22位,五ヶ瀬町,6233円/m2,2万0606円/坪,-0.69％
宮崎県,23位,日之影町,5666円/m2,1万8732円/坪,-2.58％
宮崎県,24位,美郷町,5562円/m2,1万8388円/坪,-2.20％
宮崎県,25位,椎葉村,4956円/m2,1万6385円/坪,-1.78％
宮崎県,26位,諸塚村,4823円/m2,1万5944円/坪,-1.23％
茨城県,2位,つくば市,6万9452円/m2,22万9594円/坪,-0.33％
茨城県,3位,水戸市,5万5752円/m2,18万4306円/坪,-2.28％
茨城県,4位,取手市,5万0479円/m2,16万6873円/坪,-2.04％
茨城県,5位,牛久市,4万9806円/m2,16万4648円/坪,-0.45％
茨城県,6位,古河市,4万0622円/m2,13万4290円/坪,+0.55％
茨城県,7位,日立市,3万8822円/m2,12万8339円/坪,-1.68％
茨城県,8位,つくばみらい市,3万8429円/m2,12万7038円/坪,-0.57％
茨城県,9位,東海村,3万7658円/m2,12万4490円/坪,-0.96％
茨城県,10位,土浦市,3万5673円/m2,11万7930円/坪,-2.44％
山梨県,9位,中央市,3万1617円/m2,10万4521円/坪,-1.05％
山梨県,10位,西桂町,2万8875円/m2,9万5454円/坪,-2.04％
山梨県,11位,富士河口湖町,2万8712円/m2,9万4916円/坪,-0.83％
山梨県,12位,山梨市,2万8337円/m2,9万3677円/坪,-6.31％
山梨県,13位,笛吹市,2万7202円/m2,8万9926円/坪,-4.10％
山梨県,14位,甲州市,2万6612円/m2,8万7975円/坪,-1.90％
山梨県,15位,富士川町,2万5627円/m2,8万4718円/坪,-2.89％
山口県,16位,上関町,1万6525円/m2,5万4628円/坪,-3.36％
山口県,17位,長門市,1万6286円/m2,5万3840円/坪,-7.29％
山口県,18位,阿武町,1万0875円/m2,3万5950円/坪,-5.43％
山口県,19位,美祢市,1万0447円/m2,3万4536円/坪,-2.34％
長野県,8位,上田市,3万9684円/m2,13万1187円/坪,-2.14％
長野県,9位,茅野市,3万7806円/m2,12万4980円/坪,-2.34％
長野県,10位,須坂市,3万5794円/m2,11万8327円/坪,-2.22％
長野県,11位,小布施町,3万5262円/m2,11万6570円/坪,-0.04％
長野県,12位,千曲市,3万4311円/m2,11万3425円/坪,-2.80％
長野県,13位,飯田市,3万2532円/m2,10万7545円/坪,-1.69％
長野県,14位,中野市,3万2196円/m2,10万6434円/坪,-2.11％
長野県,15位,佐久市,3万1649円/m2,10万4625円/坪,-2.09％
長野県,16位,駒ヶ根市,2万8530円/m2,9万4314円/坪,-3.12％
新潟県,1位,新潟市,6万7627円/m2,22万3561円/坪,-1.64％
群馬県,1位,高崎市,6万4432円/m2,21万3000円/坪,+2.31％
茨城県,11位,ひたちなか市,3万4992円/m2,11万5677円/坪,-1.00％
茨城県,12位,龍ケ崎市,3万3575円/m2,11万0994円/坪,-1.64％
茨城県,13位,結城市,3万1325円/m2,10万3553円/坪,-0.93％
茨城県,14位,阿見町,2万7985円/m2,9万2514円/坪,-0.99％
茨城県,15位,笠間市,2万6431円/m2,8万7377円/坪,-2.56％
茨城県,16位,高萩市,2万6366円/m2,8万7162円/坪,-3.38％
茨城県,17位,常総市,2万5816円/m2,8万5342円/坪,-5.51％
山梨県,16位,南アルプス市,2万5378円/m2,8万3896円/坪,-2.89％
山梨県,17位,市川三郷町,2万5275円/m2,8万3553円/坪,-3.71％
山梨県,18位,忍野村,2万4640円/m2,8万1454円/坪,-0.24％
山梨県,19位,山中湖村,1万8614円/m2,6万1534円/坪,+0.00％
山梨県,20位,南部町,1万6040円/m2,5万3024円/坪,-2.31％
山梨県,21位,身延町,1万5320円/m2,5万0647円/坪,+4.52％
山梨県,22位,北杜市,1万4416円/m2,4万7657円/坪,-2.51％
山梨県,23位,鳴沢村,1万3200円/m2,4万3636円/坪,-11.41％
長野県,17位,坂城町,2万8071円/m2,9万2798円/坪,-2.34％
長野県,18位,安曇野市,2万8000円/m2,9万2561円/坪,-1.17％
長野県,19位,山ノ内町,2万7866円/m2,9万2121円/坪,-4.07％
長野県,20位,箕輪町,2万6850円/m2,8万8760円/坪,-3.11％
長野県,21位,東御市,2万5778円/m2,8万5219円/坪,-2.46％
長野県,22位,伊那市,2万4952円/m2,8万2485円/坪,-2.24％
長野県,23位,小諸市,2万4500円/m2,8万0991円/坪,-2.74％
新潟県,1位,新潟市中央区,14万1732円/m2,46万8535円/坪,-0.16％
新潟県,1位,新潟市西区,5万5590円/m2,18万3769円/坪,-1.76％
新潟県,1位,新潟市東区,5万4829円/m2,18万1254円/坪,-5.69％
新潟県,1位,新潟市江南区,3万9369円/m2,13万0146円/坪,+0.15％
新潟県,1位,新潟市秋葉区,3万2322円/m2,10万6852円/坪,-3.67％
新潟県,1位,新潟市北区,2万9331円/m2,9万6962円/坪,+0.36％
新潟県,1位,新潟市南区,2万6250円/m2,8万6776円/坪,-1.37％
新潟県,1位,新潟市西蒲区,2万3322円/m2,7万7100円/坪,-2.30％
群馬県,2位,前橋市,5万5990円/m2,18万5092円/坪,-0.27％
群馬県,3位,草津町,4万2657円/m2,14万1015円/坪,+16.50％
群馬県,4位,太田市,3万9360円/m2,13万0117円/坪,-0.50％
群馬県,5位,伊勢崎市,3万6471円/m2,12万0568円/坪,-0.48％
群馬県,6位,玉村町,3万5885円/m2,11万8630円/坪,-0.40％
群馬県,7位,吉岡町,3万5537円/m2,11万7479円/坪,-0.28％
群馬県,8位,館林市,3万5345円/m2,11万6846円/坪,-3.47％
群馬県,9位,沼田市,3万3358円/m2,11万0275円/坪,+4.13％
茨城県,18位,筑西市,2万5443円/m2,8万4109円/坪,-2.86％
茨城県,19位,北茨城市,2万5104円/m2,8万2990円/坪,-2.72％
茨城県,20位,大洗町,2万4922円/m2,8万2387円/坪,-1.58％
茨城県,21位,那珂市,2万3583円/m2,7万7963円/坪,-1.75％
茨城県,22位,坂東市,2万3440円/m2,7万7490円/坪,-1.53％
茨城県,23位,境町,2万3354円/m2,7万7205円/坪,-1.12％
茨城県,24位,下妻市,2万3150円/m2,7万6528円/坪,-1.55％
茨城県,25位,五霞町,2万1771円/m2,7万1971円/坪,-5.14％
山梨県,24位,道志村,1万1550円/m2,3万8181円/坪,-3.75％
山梨県,25位,丹波山村,1万0360円/m2,3万4247円/坪,-4.95％
山梨県,26位,小菅村,9030円/m2,2万9851円/坪,-25.37％
山梨県,27位,早川町,4045円/m2,1万3371円/坪,-0.86％
長野県,24位,辰野町,2万2257円/m2,7万3577円/坪,-8.41％
長野県,25位,富士見町,2万2235円/m2,7万3506円/坪,-2.18％
長野県,26位,高山村,2万2200円/m2,7万3388円/坪,-3.06％
長野県,27位,宮田村,2万1875円/m2,7万2314円/坪,-2.23％
長野県,28位,小海町,2万1240円/m2,7万0214円/坪,-2.30％
長野県,29位,佐久穂町,2万1233円/m2,7万0192円/坪,-2.15％
長野県,30位,南箕輪村,2万0625円/m2,6万8181円/坪,-1.67％
新潟県,2位,長岡市,4万4628円/m2,14万7531円/坪,-1.17％
新潟県,3位,燕市,3万5570円/m2,11万7589円/坪,-1.66％
新潟県,4位,三条市,3万4468円/m2,11万3943円/坪,-2.04％
新潟県,5位,小千谷市,3万3880円/m2,11万1999円/坪,-2.84％
新潟県,6位,加茂市,3万1966円/m2,10万5674円/坪,-2.91％
新潟県,7位,見附市,3万0082円/m2,9万9445円/坪,+0.55％
新潟県,8位,糸魚川市,2万8562円/m2,9万4421円/坪,-2.07％
群馬県,10位,大泉町,3万2295円/m2,10万6761円/坪,-1.44％
群馬県,11位,桐生市,3万2068円/m2,10万6011円/坪,-2.99％
群馬県,12位,渋川市,3万1901円/m2,10万5460円/坪,-1.28％
群馬県,13位,富岡市,3万0042円/m2,9万9313円/坪,-1.19％
群馬県,14位,藤岡市,2万8547円/m2,9万4370円/坪,-1.43％
群馬県,15位,安中市,2万5748円/m2,8万5118円/坪,-1.99％
群馬県,16位,邑楽町,2万5342円/m2,8万3778円/坪,-1.00％
群馬県,17位,明和町,2万5166円/m2,8万3195円/坪,-1.31％
群馬県,18位,榛東村,2万4950円/m2,8万2479円/坪,-0.93％
茨城県,26位,石岡市,2万1580円/m2,7万1338円/坪,-1.25％
茨城県,27位,常陸太田市,2万0987円/m2,6万9380円/坪,-2.33％
茨城県,28位,鹿嶋市,2万0566円/m2,6万7988円/坪,+0.38％
茨城県,29位,神栖市,1万8985円/m2,6万2763円/坪,-1.49％
茨城県,30位,茨城町,1万8804円/m2,6万2162円/坪,-1.88％
茨城県,31位,桜川市,1万8705円/m2,6万1834円/坪,-1.08％
茨城県,32位,かすみがうら市,1万8240円/m2,6万0299円/坪,-1.70％
長野県,31位,飯山市,2万0441円/m2,6万7573円/坪,-2.16％
長野県,32位,高森町,1万9903円/m2,6万5796円/坪,-1.82％
長野県,33位,野沢温泉村,1万9825円/m2,6万5537円/坪,-4.92％
長野県,34位,御代田町,1万9800円/m2,6万5454円/坪,-1.21％
長野県,35位,松川町,1万9783円/m2,6万5399円/坪,-2.47％
長野県,36位,木曽町,1万9728円/m2,6万5216円/坪,-3.73％
長野県,37位,上松町,1万8533円/m2,6万1267円/坪,-4.14％
新潟県,9位,弥彦村,2万7840円/m2,9万2033円/坪,-2.32％
新潟県,10位,柏崎市,2万7649円/m2,9万1403円/坪,-2.05％
新潟県,11位,新発田市,2万6889円/m2,8万8891円/坪,+0.36％
新潟県,12位,湯沢町,2万6437円/m2,8万7396円/坪,-4.47％
新潟県,13位,上越市,2万5357円/m2,8万3827円/坪,-3.97％
新潟県,14位,五泉市,2万3526円/m2,7万7774円/坪,-1.53％
新潟県,15位,南魚沼市,2万2139円/m2,7万3187円/坪,-2.54％
新潟県,16位,十日町市,2万2000円/m2,7万2728円/坪,-2.10％
群馬県,19位,みどり市,2万4211円/m2,8万0038円/坪,-0.67％
群馬県,20位,中之条町,2万2900円/m2,7万5702円/坪,-2.87％
群馬県,21位,みなかみ町,2万2858円/m2,7万5566円/坪,-2.31％
群馬県,22位,甘楽町,2万0583円/m2,6万8044円/坪,-1.83％
群馬県,23位,下仁田町,2万0416円/m2,6万7493円/坪,-3.92％
群馬県,24位,千代田町,1万9950円/m2,6万5950円/坪,-1.56％
茨城県,33位,常陸大宮市,1万7716円/m2,5万8566円/坪,-2.90％
茨城県,34位,小美玉市,1万7071円/m2,5万6434円/坪,-1.25％
茨城県,35位,利根町,1万5465円/m2,5万1123円/坪,-1.23％
茨城県,36位,八千代町,1万5164円/m2,5万0129円/坪,-1.20％
茨城県,37位,潮来市,1万4326円/m2,4万7360円/坪,-1.10％
茨城県,38位,大子町,1万3933円/m2,4万6060円/坪,-4.57％
茨城県,39位,城里町,1万2451円/m2,4万1161円/坪,-4.58％
長野県,38位,松川村,1万7450円/m2,5万7685円/坪,-1.55％
長野県,39位,青木村,1万6700円/m2,5万5206円/坪,-0.60％
長野県,40位,飯島町,1万6553円/m2,5万4721円/坪,+6.78％
長野県,41位,豊丘村,1万6450円/m2,5万4380円/坪,-1.50％
長野県,42位,山形村,1万6300円/m2,5万3884円/坪,-0.61％
長野県,43位,喬木村,1万6200円/m2,5万3553円/坪,-1.82％
長野県,44位,大町市,1万5455円/m2,5万1093円/坪,-2.14％
長野県,45位,麻績村,1万5450円/m2,5万1074円/坪,-3.74％
新潟県,17位,田上町,2万0540円/m2,6万7900円/坪,-4.20％
新潟県,18位,村上市,1万9350円/m2,6万3966円/坪,-3.30％
新潟県,19位,妙高市,1万8274円/m2,6万0410円/坪,-7.70％
新潟県,20位,胎内市,1万7745円/m2,5万8662円/坪,-2.35％
新潟県,21位,津南町,1万7703円/m2,5万8523円/坪,-2.28％
新潟県,22位,阿賀野市,1万7603円/m2,5万8191円/坪,-1.33％
新潟県,23位,佐渡市,1万6009円/m2,5万2922円/坪,-4.81％
群馬県,25位,東吾妻町,1万9420円/m2,6万4198円/坪,-3.53％
群馬県,26位,板倉町,1万8985円/m2,6万2762円/坪,-2.06％
群馬県,27位,嬬恋村,1万4337円/m2,4万7396円/坪,-3.21％
群馬県,28位,片品村,1万3500円/m2,4万4628円/坪,-2.76％
群馬県,29位,昭和村,1万2633円/m2,4万1763円/坪,-2.82％
群馬県,30位,長野原町,9900円/m2,3万2727円/坪,-3.57％
群馬県,31位,川場村,9875円/m2,3万2644円/坪,-0.75％
群馬県,32位,神流町,9290円/m2,3万0710円/坪,-2.98％
群馬県,33位,高山村,7525円/m2,2万4876円/坪,-1.63％
茨城県,40位,鉾田市,1万1789円/m2,3万8972円/坪,-1.64％
茨城県,41位,稲敷市,1万1239円/m2,3万7154円/坪,-0.99％
茨城県,42位,美浦村,1万1180円/m2,3万6958円/坪,-1.76％
茨城県,43位,河内町,1万1045円/m2,3万6512円/坪,-1.27％
茨城県,44位,行方市,1万0609円/m2,3万5071円/坪,-1.35％
長野県,46位,原村,1万5200円/m2,5万0247円/坪,-1.30％
長野県,47位,朝日村,1万4200円/m2,4万6942円/坪,-0.70％
長野県,48位,立科町,1万3900円/m2,4万5950円/坪,-0.95％
長野県,49位,信濃町,1万3368円/m2,4万4192円/坪,-3.21％
長野県,50位,木祖村,1万3350円/m2,4万4132円/坪,-2.55％
長野県,51位,池田町,1万2762円/m2,4万2188円/坪,-2.09％
長野県,52位,飯綱町,1万2672円/m2,4万1890円/坪,-3.30％
新潟県,24位,魚沼市,1万5805円/m2,5万2251円/坪,-3.84％
新潟県,25位,刈羽村,1万4050円/m2,4万6446円/坪,-0.71％
新潟県,26位,粟島浦村,1万3700円/m2,4万5289円/坪,-3.52％
新潟県,27位,聖籠町,1万3660円/m2,4万5157円/坪,-1.01％
新潟県,28位,出雲崎町,1万3616円/m2,4万5013円/坪,-3.54％
新潟県,29位,関川村,1万0200円/m2,3万3719円/坪,-1.92％
新潟県,30位,阿賀町,9595円/m2,3万1721円/坪,-1.92％
群馬県,34位,南牧村,6005円/m2,1万9851円/坪,-3.92％
群馬県,35位,上野村,5360円/m2,1万7719円/坪,-1.29％
長野県,53位,長和町,1万2133円/m2,4万0110円/坪,-1.94％
長野県,54位,南木曽町,1万0412円/m2,3万4421円/坪,-4.43％
長野県,55位,小谷村,1万0300円/m2,3万4049円/坪,-1.90％
長野県,55位,川上村,1万0300円/m2,3万4049円/坪,-1.90％
長野県,57位,小川村,9945円/m2,3万2876円/坪,-2.36％
長野県,58位,白馬村,9691円/m2,3万2037円/坪,-2.43％
長野県,59位,南牧村,9550円/m2,3万1570円/坪,-1.55％
長野県,60位,筑北村,8653円/m2,2万8606円/坪,-1.96％
長野県,61位,阿智村,8072円/m2,2万6684円/坪,-0.98％
長野県,62位,大桑村,7910円/m2,2万6148円/坪,-2.35％
長野県,63位,生坂村,7140円/m2,2万3603円/坪,-1.92％
長野県,64位,王滝村,6780円/m2,2万2413円/坪,-2.45％
長野県,65位,下條村,5800円/m2,1万9173円/坪,-1.02％
長野県,66位,木島平村,5400円/m2,1万7851円/坪,-1.82％
長野県,67位,天龍村,5230円/m2,1万7289円/坪,％
長野県,68位,中川村,5073円/m2,1万6771円/坪,-2.87％
長野県,69位,根羽村,5030円/m2,1万6628円/坪,-1.95％
長野県,70位,南相木村,4020円/m2,1万3289円/坪,-2.19％
長野県,71位,栄村,3980円/m2,1万3157円/坪,-2.93％
長野県,72位,阿南町,3856円/m2,1万2749円/坪,-2.03％
長野県,73位,北相木村,3650円/m2,1万2066円/坪,-2.14％
長野県,74位,売木村,3350円/m2,1万1074円/坪,-2.05％
長野県,75位,平谷村,3070円/m2,1万0148円/坪,-2.54％
長野県,76位,泰阜村,2170円/m2,7173円/坪,-0.91％
長野県,77位,大鹿村,2140円/m2,7074円/坪,-1.83％
北海道,1位,札幌市,10万8231円/m2,35万7789円/坪,+6.71％
北海道,1位,札幌市中央区,35万9177円/m2,118万7363円/坪,+11.92％
北海道,1位,札幌市北区,9万6929円/m2,32万0427円/坪,+2.78％
北海道,1位,札幌市豊平区,9万6208円/m2,31万8045円/坪,+5.38％
北海道,1位,札幌市西区,8万7353円/m2,28万8773円/坪,+3.86％
北海道,1位,札幌市白石区,7万4708円/m2,24万6969円/坪,+0.16％
大分県,1位,大分市,6万3501円/m2,20万9923円/坪,-0.36％
大分県,2位,別府市,4万9219円/m2,16万2708円/坪,-2.02％
北海道,1位,札幌市東区,7万2381円/m2,23万9276円/坪,+4.47％
北海道,1位,札幌市厚別区,6万9440円/m2,22万9556円/坪,+0.13％
北海道,1位,札幌市清田区,5万0444円/m2,16万6758円/坪,+2.95％
北海道,1位,札幌市南区,4万5834円/m2,15万1519円/坪,-2.34％
北海道,1位,札幌市手稲区,4万5792円/m2,15万1379円/坪,+1.40％
北海道,2位,函館市,4万8047円/m2,15万8833円/坪,-0.95％
栃木県,1位,宇都宮市,7万4894円/m2,24万7583円/坪,-1.72％
大分県,3位,臼杵市,3万3092円/m2,10万9397円/坪,-2.02％
大分県,4位,由布市,3万1798円/m2,10万5118円/坪,+1.58％
大分県,5位,玖珠町,2万9666円/m2,9万8071円/坪,-1.71％
大分県,6位,津久見市,2万9100円/m2,9万6198円/坪,-2.77％
大分県,7位,日出町,2万7637円/m2,9万1363円/坪,-0.54％
大分県,8位,日田市,2万6474円/m2,8万7517円/坪,-1.85％
大分県,9位,中津市,2万3338円/m2,7万7151円/坪,-0.99％
大分県,10位,佐伯市,2万1972円/m2,7万2635円/坪,-4.03％
北海道,3位,旭川市,2万9776円/m2,9万8435円/坪,+0.37％
北海道,4位,帯広市,2万9444円/m2,9万7337円/坪,-0.20％
北海道,5位,千歳市,2万7807円/m2,9万1926円/坪,-2.44％
北海道,6位,小樽市,2万7315円/m2,9万0300円/坪,-0.93％
北海道,7位,江別市,2万6698円/m2,8万8258円/坪,+1.07％
北海道,8位,釧路町,2万4810円/m2,8万2016円/坪,+15.63％
栃木県,2位,下野市,4万3171円/m2,14万2715円/坪,-0.87％
栃木県,3位,小山市,4万2700円/m2,14万1157円/坪,-2.65％
栃木県,4位,野木町,3万6718円/m2,12万1382円/坪,+1.15％
栃木県,5位,壬生町,3万3315円/m2,11万0134円/坪,-1.43％
栃木県,6位,足利市,3万2630円/m2,10万7871円/坪,-1.41％
栃木県,7位,高根沢町,3万2141円/m2,10万6252円/坪,-0.65％
栃木県,8位,鹿沼市,3万1868円/m2,10万5351円/坪,-2.68％
富山県,1位,富山市,6万2192円/m2,20万5595円/坪,-0.33％
大分県,11位,杵築市,2万1313円/m2,7万0459円/坪,-1.71％
大分県,12位,竹田市,1万5648円/m2,5万1729円/坪,-5.82％
大分県,13位,宇佐市,1万5240円/m2,5万0380円/坪,-0.89％
大分県,14位,豊後大野市,1万4150円/m2,4万6778円/坪,-1.64％
大分県,15位,姫島村,1万3106円/m2,4万3327円/坪,-3.27％
大分県,16位,豊後高田市,1万2889円/m2,4万2609円/坪,-2.32％
大分県,17位,国東市,1万2842円/m2,4万2454円/坪,+6.15％
北海道,9位,富良野市,2万3562円/m2,7万7892円/坪,-1.65％
北海道,10位,釧路市,2万2951円/m2,7万5872円/坪,-0.89％
北海道,11位,北斗市,2万2800円/m2,7万5371円/坪,-1.30％
北海道,12位,北広島市,2万2303円/m2,7万3730円/坪,-2.95％
北海道,13位,網走市,2万2254円/m2,7万3568円/坪,-2.16％
北海道,14位,室蘭市,2万1559円/m2,7万1269円/坪,-3.98％
三重県,1位,桑名市,5万6937円/m2,18万8221円/坪,-0.15％
栃木県,9位,上三川町,3万1242円/m2,10万3282円/坪,-1.35％
栃木県,10位,佐野市,2万8607円/m2,9万4569円/坪,-1.77％
栃木県,11位,さくら市,2万8065円/m2,9万2778円/坪,-1.45％
栃木県,12位,矢板市,2万7636円/m2,9万1359円/坪,-2.41％
栃木県,13位,真岡市,2万7455円/m2,9万0760円/坪,-3.21％
栃木県,14位,栃木市,2万5751円/m2,8万5130円/坪,-2.25％
富山県,2位,魚津市,4万6075円/m2,15万2314円/坪,-1.43％
富山県,3位,高岡市,4万1705円/m2,13万7870円/坪,-2.25％
富山県,4位,砺波市,3万9253円/m2,12万9764円/坪,-0.27％
富山県,5位,黒部市,3万3030円/m2,10万9192円/坪,-0.60％
富山県,6位,氷見市,3万2427円/m2,10万7197円/坪,-0.92％
富山県,7位,小矢部市,3万1460円/m2,10万3999円/坪,-0.91％
富山県,8位,射水市,3万0793円/m2,10万1795円/坪,-0.75％
大分県,18位,九重町,6066円/m2,2万0055円/坪,-3.19％
徳島県,1位,徳島市,9万0967円/m2,30万0719円/坪,-1.29％
北海道,15位,恵庭市,2万0794円/m2,6万8741円/坪,-2.97％
北海道,16位,倶知安町,1万9828円/m2,6万5548円/坪,+6.36％
北海道,16位,八雲町,1万9828円/m2,6万5548円/坪,-4.28％
北海道,18位,登別市,1万9825円/m2,6万5537円/坪,-4.27％
北海道,19位,伊達市,1万9816円/m2,6万5509円/坪,-1.00％
北海道,20位,江差町,1万9385円/m2,6万4084円/坪,-5.17％
三重県,2位,四日市市,5万5885円/m2,18万4745円/坪,-0.63％
三重県,3位,伊勢市,4万9941円/m2,16万5095円/坪,-2.74％
三重県,4位,津市,4万9485円/m2,16万3586円/坪,-1.76％
三重県,5位,朝日町,4万8516円/m2,16万0385円/坪,-0.38％
三重県,6位,川越町,4万7244円/m2,15万6179円/坪,-0.40％
三重県,7位,鈴鹿市,4万0659円/m2,13万4410円/坪,-0.67％
栃木県,15位,那須塩原市,2万5729円/m2,8万5056円/坪,-1.86％
栃木県,16位,益子町,2万4900円/m2,8万2314円/坪,-2.57％
栃木県,17位,日光市,2万4055円/m2,7万9523円/坪,-2.89％
栃木県,18位,大田原市,2万3596円/m2,7万8004円/坪,-1.49％
栃木県,19位,茂木町,2万0357円/m2,6万7296円/坪,-3.65％
栃木県,20位,芳賀町,2万0040円/m2,6万6247円/坪,-1.47％
福井県,1位,福井市,6万9207円/m2,22万8784円/坪,-0.49％
福井県,2位,敦賀市,4万9240円/m2,16万2776円/坪,-0.77％
富山県,9位,入善町,2万7512円/m2,9万0950円/坪,-0.14％
富山県,10位,滑川市,2万5527円/m2,8万4387円/坪,-1.40％
富山県,11位,南砺市,2万5273円/m2,8万3550円/坪,-2.11％
富山県,12位,朝日町,2万3200円/m2,7万6694円/坪,-1.00％
富山県,13位,上市町,2万2714円/m2,7万5088円/坪,-0.81％
富山県,14位,舟橋村,2万2050円/m2,7万2892円/坪,+0.23％
富山県,15位,立山町,2万1937円/m2,7万2520円/坪,-0.45％
香川県,1位,高松市,6万8044円/m2,22万4940円/坪,-1.93％
徳島県,2位,北島町,5万2814円/m2,17万4592円/坪,+0.27％
徳島県,3位,藍住町,5万0766円/m2,16万7823円/坪,+0.46％
徳島県,4位,松茂町,3万8144円/m2,12万6097円/坪,-0.44％
徳島県,5位,石井町,3万6962円/m2,12万2190円/坪,-1.07％
徳島県,6位,小松島市,3万4294円/m2,11万3368円/坪,-3.12％
徳島県,7位,鳴門市,3万3265円/m2,10万9968円/坪,+0.18％
徳島県,8位,阿南市,3万3223円/m2,10万9829円/坪,-1.24％
徳島県,9位,吉野川市,2万7803円/m2,9万1913円/坪,-2.28％
北海道,21位,新ひだか町,1万9257円/m2,6万3659円/坪,-2.11％
北海道,22位,北見市,1万9182円/m2,6万3411円/坪,-2.88％
北海道,23位,苫小牧市,1万9141円/m2,6万3277円/坪,-1.04％
北海道,24位,音更町,1万9007円/m2,6万2833円/坪,-4.15％
北海道,25位,中標津町,1万8942円/m2,6万2621円/坪,+0.23％
北海道,26位,七飯町,1万7711円/m2,5万8549円/坪,-1.36％
三重県,8位,名張市,3万8871円/m2,12万8500円/坪,-0.79％
三重県,9位,松阪市,3万8688円/m2,12万7897円/坪,-3.99％
三重県,10位,菰野町,3万7100円/m2,12万2644円/坪,-0.94％
三重県,11位,尾鷲市,3万6870円/m2,12万1884円/坪,-3.76％
三重県,12位,熊野市,3万6360円/m2,12万0198円/坪,-4.59％
三重県,13位,木曽岬町,3万6100円/m2,11万9338円/坪,-3.78％
三重県,14位,東員町,3万0544円/m2,10万0973円/坪,-0.83％
栃木県,21位,那須烏山市,1万8890円/m2,6万2446円/坪,-3.67％
栃木県,22位,市貝町,1万8433円/m2,6万0936円/坪,-2.64％
栃木県,23位,那須町,1万6464円/m2,5万4426円/坪,-2.95％
栃木県,24位,那珂川町,1万5442円/m2,5万1050円/坪,-2.88％
栃木県,25位,塩谷町,1万4221円/m2,4万7013円/坪,-1.99％
福井県,3位,高浜町,4万5000円/m2,14万8760円/坪,-1.67％
福井県,4位,小浜市,4万1081円/m2,13万5807円/坪,+1.06％
福井県,5位,鯖江市,3万6468円/m2,12万0557円/坪,-0.95％
福井県,6位,越前市,3万4713円/m2,11万4753円/坪,-3.01％
福井県,7位,坂井市,2万9756円/m2,9万8369円/坪,-1.98％
福井県,8位,永平寺町,2万8291円/m2,9万3526円/坪,-1.57％
福井県,9位,あわら市,2万7900円/m2,9万2231円/坪,-2.84％
香川県,2位,宇多津町,4万3744円/m2,14万4609円/坪,-1.43％
香川県,3位,丸亀市,4万2508円/m2,14万0522円/坪,-3.94％
香川県,4位,坂出市,3万8395円/m2,12万6928円/坪,-2.45％
香川県,5位,善通寺市,3万5480円/m2,11万7289円/坪,-1.83％
香川県,6位,琴平町,3万2433円/m2,10万7217円/坪,-9.05％
香川県,7位,土庄町,3万2333円/m2,10万6887円/坪,-3.00％
香川県,8位,観音寺市,3万0125円/m2,9万9586円/坪,-1.87％
徳島県,10位,東みよし町,2万5880円/m2,8万5553円/坪,-2.63％
徳島県,11位,美波町,2万5114円/m2,8万3022円/坪,-3.57％
徳島県,12位,三好市,2万4361円/m2,8万0532円/坪,+6.27％
徳島県,13位,牟岐町,2万4350円/m2,8万0495円/坪,-4.01％
徳島県,14位,板野町,2万4100円/m2,7万9669円/坪,-1.23％
徳島県,15位,美馬市,2万3620円/m2,7万8085円/坪,-3.30％
徳島県,16位,つるぎ町,1万9910円/m2,6万5818円/坪,-3.05％
徳島県,17位,上板町,1万9366円/m2,6万4022円/坪,-2.02％
北海道,27位,洞爺湖町,1万7528円/m2,5万7945円/坪,-3.88％
北海道,28位,稚内市,1万7444円/m2,5万7667円/坪,-6.09％
北海道,29位,石狩市,1万6392円/m2,5万4188円/坪,-4.19％
北海道,30位,芽室町,1万5945円/m2,5万2712円/坪,-1.13％
北海道,31位,美幌町,1万5700円/m2,5万1900円/坪,-1.79％
北海道,32位,余市町,1万4807円/m2,4万8949円/坪,-4.12％
三重県,15位,鳥羽市,3万0140円/m2,9万9636円/坪,-4.50％
三重県,16位,伊賀市,2万8758円/m2,9万5068円/坪,-6.25％
三重県,17位,亀山市,2万8240円/m2,9万3355円/坪,-3.29％
三重県,18位,紀宝町,2万6020円/m2,8万6016円/坪,-5.31％
三重県,19位,明和町,2万4816円/m2,8万2038円/坪,-3.81％
三重県,20位,いなべ市,2万4447円/m2,8万0818円/坪,-1.36％
三重県,21位,玉城町,2万4357円/m2,8万0519円/坪,-3.29％
三重県,22位,御浜町,2万3100円/m2,7万6363円/坪,-4.74％
福井県,10位,勝山市,2万1560円/m2,7万1272円/坪,-2.88％
福井県,11位,越前町,2万1215円/m2,7万0134円/坪,-7.36％
福井県,12位,大野市,2万0918円/m2,6万9151円/坪,-3.82％
福井県,13位,若狭町,2万0460円/m2,6万7636円/坪,-1.92％
福井県,14位,美浜町,1万9742円/m2,6万5265円/坪,-3.63％
福井県,15位,南越前町,1万7760円/m2,5万8710円/坪,-3.80％
福井県,16位,おおい町,1万2624円/m2,4万1733円/坪,-1.21％
福井県,17位,池田町,6330円/m2,2万0925円/坪,-2.36％
香川県,9位,多度津町,2万9728円/m2,9万8276円/坪,-1.98％
香川県,10位,さぬき市,2万6631円/m2,8万8037円/坪,-4.09％
香川県,11位,三木町,2万5542円/m2,8万4439円/坪,-1.22％
香川県,12位,東かがわ市,2万3209円/m2,7万6724円/坪,-2.21％
香川県,13位,綾川町,2万3144円/m2,7万6510円/坪,-1.98％
香川県,14位,小豆島町,2万2220円/m2,7万3454円/坪,+1.31％
香川県,15位,三豊市,2万1104円/m2,6万9767円/坪,-1.93％
香川県,16位,直島町,1万7125円/m2,5万6611円/坪,+0.00％
徳島県,18位,勝浦町,1万9333円/m2,6万3911円/坪,-2.19％
徳島県,19位,海陽町,1万7221円/m2,5万6930円/坪,-3.41％
徳島県,20位,阿波市,1万5300円/m2,5万0578円/坪,-1.61％
徳島県,21位,神山町,1万4433円/m2,4万7713円/坪,-2.26％
徳島県,22位,佐那河内村,1万3450円/m2,4万4462円/坪,-0.86％
徳島県,23位,那賀町,1万0244円/m2,3万3866円/坪,-2.50％
徳島県,24位,上勝町,6560円/m2,2万1685円/坪,-2.57％
北海道,33位,松前町,1万4800円/m2,4万8925円/坪,-4.98％
北海道,34位,浦河町,1万4600円/m2,4万8264円/坪,-2.57％
北海道,35位,幕別町,1万4283円/m2,4万7217円/坪,-1.95％
北海道,36位,岩見沢市,1万3832円/m2,4万5726円/坪,+0.06％
北海道,37位,遠軽町,1万3757円/m2,4万5478円/坪,-1.33％
北海道,38位,木古内町,1万3628円/m2,4万5053円/坪,-3.25％
三重県,23位,紀北町,2万2462円/m2,7万4256円/坪,-4.82％
三重県,24位,志摩市,2万2144円/m2,7万3203円/坪,-6.45％
三重県,25位,多気町,1万8987円/m2,6万2768円/坪,-3.00％
三重県,26位,南伊勢町,1万6725円/m2,5万5289円/坪,-5.37％
三重県,27位,度会町,1万2675円/m2,4万1900円/坪,-3.80％
三重県,28位,大台町,1万1716円/m2,3万8732円/坪,-4.35％
三重県,29位,大紀町,1万0300円/m2,3万4049円/坪,-4.45％
香川県,17位,まんのう町,1万6400円/m2,5万4214円/坪,-1.59％
北海道,39位,岩内町,1万3578円/m2,4万4887円/坪,-3.40％
北海道,40位,斜里町,1万3542円/m2,4万4769円/坪,-3.46％
北海道,41位,森町,1万3428円/m2,4万4391円/坪,-4.86％
北海道,42位,東川町,1万3275円/m2,4万3884円/坪,+0.00％
北海道,43位,根室市,1万3244円/m2,4万3783円/坪,-0.17％
北海道,44位,本別町,1万3242円/m2,4万3778円/坪,-3.64％
北海道,45位,留萌市,1万3162円/m2,4万3512円/坪,-1.56％
北海道,46位,東神楽町,1万3133円/m2,4万3415円/坪,+11.71％
北海道,47位,名寄市,1万2733円/m2,4万2093円/坪,+2.76％
北海道,48位,当別町,1万2357円/m2,4万0850円/坪,-4.74％
北海道,49位,美瑛町,1万2342円/m2,4万0802円/坪,-3.68％
北海道,50位,長沼町,1万2285円/m2,4万0613円/坪,-2.49％
北海道,51位,上富良野町,1万2242円/m2,4万0472円/坪,-1.61％
北海道,52位,栗山町,1万2225円/m2,4万0413円/坪,-3.07％
北海道,53位,砂川市,1万2077円/m2,3万9926円/坪,-4.82％
北海道,54位,むかわ町,1万1921円/m2,3万9409円/坪,-1.48％
北海道,55位,滝川市,1万1715円/m2,3万8728円/坪,-3.42％
北海道,56位,足寄町,1万1700円/m2,3万8677円/坪,-2.03％
北海道,57位,今金町,1万1666円/m2,3万8567円/坪,-3.98％
北海道,58位,ニセコ町,1万1375円/m2,3万7603円/坪,+0.44％
北海道,59位,士別市,1万1156円/m2,3万6880円/坪,-3.09％
北海道,60位,鷹栖町,1万1122円/m2,3万6767円/坪,+3.10％
北海道,61位,深川市,1万1100円/m2,3万6694円/坪,-4.93％
北海道,62位,せたな町,1万1042円/m2,3万6505円/坪,+0.85％
北海道,63位,福島町,1万0942円/m2,3万6174円/坪,-0.82％
北海道,64位,えりも町,1万0875円/m2,3万5950円/坪,+20.83％
北海道,65位,厚沢部町,1万0675円/m2,3万5289円/坪,-4.04％
北海道,66位,豊浦町,1万0600円/m2,3万5041円/坪,-4.72％
北海道,67位,羅臼町,1万0412円/m2,3万4421円/坪,-1.30％
北海道,68位,乙部町,1万0250円/m2,3万3884円/坪,-3.98％
北海道,69位,様似町,1万0050円/m2,3万3223円/坪,-3.13％
北海道,70位,日高町,1万0014円/m2,3万3105円/坪,-4.10％
北海道,71位,士幌町,9850円/m2,3万2561円/坪,-3.43％
北海道,72位,厚岸町,9733円/m2,3万2176円/坪,-0.34％
北海道,73位,紋別市,9522円/m2,3万1478円/坪,-7.78％
北海道,74位,蘭越町,9375円/m2,3万0991円/坪,-3.60％
北海道,75位,美唄市,9300円/m2,3万0743円/坪,-7.26％
北海道,75位,仁木町,9300円/m2,3万0743円/坪,-2.62％
北海道,77位,別海町,9075円/m2,2万9999円/坪,+0.28％
北海道,78位,長万部町,9071円/m2,2万9988円/坪,+15.56％
北海道,79位,共和町,9050円/m2,2万9917円/坪,-3.21％
北海道,79位,奥尻町,9050円/m2,2万9917円/坪,-3.72％
北海道,81位,鶴居村,8900円/m2,2万9421円/坪,+0.00％
北海道,82位,当麻町,8825円/m2,2万9173円/坪,-2.49％
北海道,83位,広尾町,8771円/m2,2万8996円/坪,-3.76％
北海道,84位,新得町,8657円/m2,2万8618円/坪,-3.81％
北海道,85位,豊富町,8500円/m2,2万8099円/坪,-4.23％
北海道,86位,大空町,8400円/m2,2万7768円/坪,-2.70％
北海道,87位,上ノ国町,8375円/m2,2万7685円/坪,-4.01％
北海道,88位,壮瞥町,8360円/m2,2万7636円/坪,-3.46％
北海道,89位,新冠町,8350円/m2,2万7603円/坪,-2.91％
北海道,90位,清水町,8314円/m2,2万7485円/坪,-3.64％
北海道,91位,中富良野町,8250円/m2,2万7272円/坪,-0.15％
北海道,91位,白糠町,8250円/m2,2万7272円/坪,-1.39％
北海道,93位,大樹町,8214円/m2,2万7154円/坪,-3.52％
北海道,94位,安平町,8170円/m2,2万7011円/坪,+3.70％
北海道,95位,幌延町,8000円/m2,2万6446円/坪,-4.76％
北海道,96位,南幌町,7785円/m2,2万5737円/坪,-3.54％
北海道,97位,中札内村,7700円/m2,2万5454円/坪,-1.28％
北海道,98位,枝幸町,7691円/m2,2万5427円/坪,-2.22％
北海道,99位,上士幌町,7675円/m2,2万5371円/坪,-3.76％
北海道,100位,池田町,7671円/m2,2万5360円/坪,-3.42％
北海道,101位,増毛町,7600円/m2,2万5123円/坪,-4.00％
北海道,102位,寿都町,7525円/m2,2万4876円/坪,-3.22％
北海道,103位,弟子屈町,7500円/m2,2万4793円/坪,-0.66％
北海道,104位,訓子府町,7475円/m2,2万4710円/坪,-2.61％
北海道,105位,新十津川町,7471円/m2,2万4698円/坪,-3.15％
北海道,106位,鹿部町,7450円/m2,2万4628円/坪,-4.18％
北海道,107位,奈井江町,7442円/m2,2万4604円/坪,-6.29％
北海道,108位,標茶町,7366円/m2,2万4352円/坪,-0.45％
北海道,109位,芦別市,7337円/m2,2万4256円/坪,-0.17％
北海道,110位,知内町,7325円/m2,2万4214円/坪,-1.35％
北海道,110位,利尻富士町,7325円/m2,2万4214円/坪,-3.30％
北海道,112位,礼文町,7300円/m2,2万4132円/坪,-2.83％
北海道,113位,天塩町,7150円/m2,2万3636円/坪,+24.35％
北海道,114位,喜茂別町,7100円/m2,2万3471円/坪,-4.38％
北海道,115位,白老町,6973円/m2,2万3052円/坪,-2.83％
北海道,116位,遠別町,6925円/m2,2万2892円/坪,-5.46％
北海道,117位,羽幌町,6914円/m2,2万2857円/坪,+2.43％
北海道,118位,更別村,6900円/m2,2万2809円/坪,-0.72％
北海道,119位,小清水町,6850円/m2,2万2644円/坪,-4.20％
北海道,120位,妹背牛町,6825円/m2,2万2561円/坪,-7.46％
北海道,121位,沼田町,6800円/m2,2万2479円/坪,-6.53％
北海道,122位,厚真町,6676円/m2,2万2071円/坪,+13.62％
北海道,123位,京極町,6625円/m2,2万1900円/坪,-3.81％
北海道,124位,古平町,6607円/m2,2万1841円/坪,-6.57％
北海道,125位,鹿追町,6500円/m2,2万1487円/坪,-1.52％
北海道,125位,比布町,6500円/m2,2万1487円/坪,-3.70％
北海道,127位,津別町,6375円/m2,2万1074円/坪,-3.41％
北海道,128位,標津町,6300円/m2,2万0826円/坪,-1.18％
北海道,129位,月形町,6150円/m2,2万0330円/坪,-2.38％
北海道,130位,由仁町,6125円/m2,2万0247円/坪,-5.59％
北海道,131位,浦幌町,6100円/m2,2万0165円/坪,-2.40％
北海道,132位,三笠市,6037円/m2,1万9958円/坪,-6.76％
北海道,133位,積丹町,5962円/m2,1万9710円/坪,-3.44％
北海道,134位,浜頓別町,5958円/m2,1万9696円/坪,-2.05％
北海道,135位,和寒町,5882円/m2,1万9446円/坪,-2.57％
北海道,136位,佐呂間町,5875円/m2,1万9421円/坪,-3.29％
北海道,137位,赤平市,5762円/m2,1万9049円/坪,-6.49％
北海道,138位,小平町,5750円/m2,1万9008円/坪,-6.12％
北海道,139位,雄武町,5600円/m2,1万8512円/坪,-4.51％
北海道,140位,愛別町,5550円/m2,1万8347円/坪,-2.63％
北海道,141位,興部町,5483円/m2,1万8126円/坪,-3.52％
北海道,142位,浜中町,5475円/m2,1万8099円/坪,-3.10％
北海道,142位,黒松内町,5475円/m2,1万8099円/坪,-2.45％
北海道,144位,置戸町,5337円/m2,1万7644円/坪,-2.51％
北海道,145位,秩父別町,5325円/m2,1万7603円/坪,-5.96％
北海道,146位,清里町,5075円/m2,1万6776円/坪,-3.10％
北海道,147位,新篠津村,5050円/m2,1万6694円/坪,-3.81％
北海道,148位,利尻町,4837円/m2,1万5991円/坪,-3.97％
北海道,149位,苫前町,4675円/m2,1万5454円/坪,-4.59％
北海道,150位,上川町,4614円/m2,1万5253円/坪,-3.29％
北海道,151位,平取町,4502円/m2,1万4884円/坪,-2.81％
北海道,152位,湧別町,4490円/m2,1万4842円/坪,-1.75％
北海道,153位,美深町,4421円/m2,1万4616円/坪,+8.28％
北海道,154位,真狩村,4250円/m2,1万4049円/坪,-2.30％
北海道,155位,陸別町,4075円/m2,1万3471円/坪,-3.74％
北海道,156位,島牧村,4000円/m2,1万3223円/坪,-1.23％
北海道,157位,夕張市,3928円/m2,1万2987円/坪,-6.94％
北海道,158位,留寿都村,3900円/m2,1万2892円/坪,-2.50％
北海道,159位,泊村,3850円/m2,1万2727円/坪,-2.53％
北海道,160位,神恵内村,3800円/m2,1万2561円/坪,-1.30％
北海道,161位,豊頃町,3725円/m2,1万2314円/坪,-2.93％
北海道,162位,剣淵町,3662円/m2,1万2107円/坪,-2.98％
北海道,163位,雨竜町,3337円/m2,1万1033円/坪,-2.91％
北海道,164位,下川町,3134円/m2,1万0361円/坪,+11.67％
北海道,165位,赤井川村,3050円/m2,1万0082円/坪,+0.00％
北海道,166位,中頓別町,3012円/m2,9958円/坪,-4.74％
北海道,167位,中川町,3000円/m2,9917円/坪,-3.23％
北海道,168位,北竜町,2950円/m2,9752円/坪,-3.28％
北海道,169位,占冠村,2925円/m2,9669円/坪,-1.68％
北海道,170位,浦臼町,2875円/m2,9504円/坪,-5.35％
北海道,171位,歌志内市,2758円/m2,9118円/坪,-2.93％
北海道,172位,猿払村,2725円/m2,9008円/坪,+0.00％
北海道,173位,南富良野町,2625円/m2,8677円/坪,-2.14％
北海道,174位,上砂川町,2605円/m2,8611円/坪,-7.05％
北海道,175位,滝上町,2575円/m2,8512円/坪,-10.59％
北海道,176位,初山別村,2250円/m2,7438円/坪,-2.17％
北海道,177位,幌加内町,1867円/m2,6173円/坪,-2.23％
北海道,178位,音威子府村,1650円/m2,5454円/坪,+0.00％
北海道,179位,西興部村,1600円/m2,5289円/坪,+0.00％
和歌山県,1位,和歌山市,8万4202円/m2,27万8356円/坪,-1.05％
和歌山県,2位,海南市,5万0057円/m2,16万5479円/坪,-2.34％
和歌山県,3位,岩出市,4万6575円/m2,15万3966円/坪,-0.25％
和歌山県,4位,新宮市,4万3646円/m2,14万4284円/坪,+2.10％
和歌山県,5位,有田市,4万3090円/m2,14万2449円/坪,-3.97％
和歌山県,6位,田辺市,3万9946円/m2,13万2055円/坪,+0.11％
和歌山県,7位,高野町,3万8916円/m2,12万8650円/坪,-3.19％
和歌山県,8位,湯浅町,3万7462円/m2,12万3842円/坪,-6.11％
和歌山県,9位,有田川町,3万6961円/m2,12万2186円/坪,-1.70％
和歌山県,10位,御坊市,3万6425円/m2,12万0413円/坪,-3.34％
和歌山県,11位,橋本市,3万6354円/m2,12万0179円/坪,-2.21％
和歌山県,12位,みなべ町,3万3125円/m2,10万9504円/坪,-3.32％
和歌山県,13位,白浜町,3万2776円/m2,10万8353円/坪,-2.86％
和歌山県,14位,上富田町,3万2614円/m2,10万7815円/坪,-1.25％
和歌山県,15位,那智勝浦町,2万8637円/m2,9万4669円/坪,-3.46％
和歌山県,16位,かつらぎ町,2万7901円/m2,9万2235円/坪,-2.88％
和歌山県,17位,美浜町,2万7250円/m2,9万0082円/坪,-3.48％
長崎県,1位,長崎市,9万1261円/m2,30万1690円/坪,+1.03％
長崎県,2位,時津町,6万0300円/m2,19万9338円/坪,+0.08％
鹿児島県,1位,鹿児島市,13万2228円/m2,43万7117円/坪,-1.45％
和歌山県,18位,由良町,2万5657円/m2,8万4816円/坪,-3.08％
和歌山県,19位,紀の川市,2万5624円/m2,8万4707円/坪,-2.75％
和歌山県,20位,日高町,2万5325円/m2,8万3719円/坪,-1.84％
和歌山県,21位,九度山町,2万4283円/m2,8万0275円/坪,-3.19％
和歌山県,22位,串本町,2万4130円/m2,7万9768円/坪,-3.56％
和歌山県,23位,すさみ町,2万0666円/m2,6万8319円/坪,-2.59％
和歌山県,24位,広川町,2万0233円/m2,6万6887円/坪,-2.57％
長崎県,3位,長与町,5万4015円/m2,17万8563円/坪,-0.24％
長崎県,4位,佐世保市,5万3929円/m2,17万8278円/坪,-1.14％
長崎県,5位,諫早市,3万6136円/m2,11万9458円/坪,+1.60％
長崎県,6位,大村市,3万6115円/m2,11万9390円/坪,+0.27％
長崎県,7位,島原市,3万1705円/m2,10万4812円/坪,-2.43％
長崎県,8位,佐々町,2万7042円/m2,8万9397円/坪,-0.73％
長崎県,9位,川棚町,2万0203円/m2,6万6789円/坪,-1.11％
長崎県,10位,雲仙市,1万9163円/m2,6万3351円/坪,-2.10％
鹿児島県,2位,奄美市,5万0984円/m2,16万8544円/坪,+6.68％
鹿児島県,3位,瀬戸内町,3万4028円/m2,11万2491円/坪,-2.12％
鹿児島県,4位,姶良市,2万8733円/m2,9万4986円/坪,-2.69％
鹿児島県,5位,徳之島町,2万8280円/m2,9万3487円/坪,-2.75％
鹿児島県,6位,西之表市,2万4855円/m2,8万2167円/坪,-3.03％
鹿児島県,7位,枕崎市,2万4733円/m2,8万1763円/坪,-4.75％
鹿児島県,8位,霧島市,2万3353円/m2,7万7201円/坪,-3.62％
鹿児島県,9位,いちき串木野市,2万2886円/m2,7万5658円/坪,-4.07％
和歌山県,25位,太地町,1万9640円/m2,6万4925円/坪,-4.29％
和歌山県,26位,印南町,1万9412円/m2,6万4173円/坪,-3.12％
和歌山県,27位,紀美野町,1万5701円/m2,5万1906円/坪,-2.26％
和歌山県,28位,古座川町,1万4495円/m2,4万7917円/坪,-2.88％
和歌山県,29位,日高川町,1万3183円/m2,4万3582円/坪,-1.59％
和歌山県,30位,北山村,7266円/m2,2万4022円/坪,-2.07％
高知県,1位,高知市,9万4208円/m2,31万1433円/坪,-1.24％
高知県,2位,南国市,5万6847円/m2,18万7925円/坪,-0.64％
長崎県,11位,南島原市,1万9078円/m2,6万3069円/坪,-3.33％
長崎県,12位,平戸市,1万7675円/m2,5万8429円/坪,-5.15％
長崎県,13位,波佐見町,1万7528円/m2,5万7945円/坪,-1.37％
長崎県,14位,対馬市,1万7004円/m2,5万6211円/坪,-3.13％
長崎県,15位,五島市,1万5661円/m2,5万1774円/坪,-4.33％
長崎県,16位,壱岐市,1万4982円/m2,4万9528円/坪,-4.32％
長崎県,17位,西海市,1万4044円/m2,4万6428円/坪,-2.29％
長崎県,18位,東彼杵町,1万3782円/m2,4万5561円/坪,-3.55％
鹿児島県,10位,薩摩川内市,2万1770円/m2,7万1968円/坪,-2.67％
鹿児島県,11位,日置市,2万0870円/m2,6万8993円/坪,-2.12％
鹿児島県,12位,垂水市,1万7871円/m2,5万9079円/坪,-3.77％
鹿児島県,13位,鹿屋市,1万6904円/m2,5万5883円/坪,-2.66％
鹿児島県,14位,出水市,1万6264円/m2,5万3766円/坪,-3.60％
高知県,3位,いの町,4万5559円/m2,15万0608円/坪,-0.86％
高知県,4位,香美市,4万0594円/m2,13万4197円/坪,+0.02％
高知県,5位,土佐市,3万9741円/m2,13万1377円/坪,-1.87％
高知県,6位,香南市,3万5186円/m2,11万6319円/坪,-1.16％
長崎県,19位,松浦市,1万3724円/m2,4万5368円/坪,-2.72％
長崎県,20位,新上五島町,1万3368円/m2,4万4191円/坪,-4.61％
長崎県,21位,小値賀町,9447円/m2,3万1231円/坪,-5.15％
岡山県,1位,岡山市,9万3739円/m2,30万9881円/坪,+1.08％
鹿児島県,15位,阿久根市,1万6150円/m2,5万3388円/坪,-3.44％
鹿児島県,16位,指宿市,1万5708円/m2,5万1929円/坪,-3.63％
鹿児島県,17位,南九州市,1万5157円/m2,5万0108円/坪,-3.52％
鹿児島県,18位,伊佐市,1万4745円/m2,4万8746円/坪,-8.98％
鹿児島県,19位,南さつま市,1万4683円/m2,4万8541円/坪,-3.21％
鹿児島県,20位,和泊町,1万4533円/m2,4万8044円/坪,-3.81％
鹿児島県,21位,与論町,1万4100円/m2,4万6611円/坪,-4.08％
鹿児島県,22位,中種子町,1万4062円/m2,4万6488円/坪,-10.36％
岐阜県,1位,岐阜市,8万4841円/m2,28万0469円/坪,-1.66％
高知県,7位,須崎市,3万4854円/m2,11万5220円/坪,-2.03％
高知県,8位,安芸市,3万4745円/m2,11万4860円/坪,-1.57％
高知県,9位,四万十市,3万3092円/m2,10万9396円/坪,-1.33％
高知県,10位,佐川町,2万7557円/m2,9万1097円/坪,-1.13％
高知県,11位,越知町,2万6230円/m2,8万6710円/坪,-0.87％
岡山県,1位,岡山市北区,13万6872円/m2,45万2469円/坪,+1.06％
岡山県,1位,岡山市中区,7万1074円/m2,23万4956円/坪,+1.68％
岡山県,1位,岡山市南区,5万2591円/m2,17万3856円/坪,-0.82％
岡山県,1位,岡山市東区,3万6098円/m2,11万9335円/坪,+1.35％
岡山県,2位,早島町,5万3800円/m2,17万7851円/坪,+0.50％
岡山県,3位,倉敷市,5万3762円/m2,17万7727円/坪,-0.40％
岡山県,4位,笠岡市,3万8792円/m2,12万8238円/坪,-2.56％
鹿児島県,23位,知名町,1万2791円/m2,4万2286円/坪,-3.88％
鹿児島県,24位,曽於市,1万2144円/m2,4万0147円/坪,-3.52％
鹿児島県,25位,南種子町,1万1812円/m2,3万9050円/坪,-4.49％
鹿児島県,26位,龍郷町,1万1600円/m2,3万8347円/坪,-0.17％
鹿児島県,27位,湧水町,1万1445円/m2,3万7836円/坪,-10.20％
鹿児島県,28位,伊仙町,1万0925円/m2,3万6115円/坪,-5.72％
鹿児島県,29位,志布志市,1万0738円/m2,3万5499円/坪,-3.79％
熊本県,1位,熊本市,11万1681円/m2,36万9195円/坪,-0.08％
岐阜県,2位,大垣市,6万0585円/m2,20万0282円/坪,-1.48％
岐阜県,3位,岐南町,5万8766円/m2,19万4269円/坪,+0.09％
岐阜県,4位,高山市,5万7985円/m2,19万1687円/坪,+7.77％
岐阜県,5位,各務原市,5万3992円/m2,17万8488円/坪,+0.35％
岐阜県,6位,瑞穂市,5万3231円/m2,17万5971円/坪,-1.40％
岐阜県,7位,北方町,5万2637円/m2,17万4008円/坪,-0.68％
岐阜県,8位,笠松町,4万7783円/m2,15万7961円/坪,-1.00％
高知県,12位,宿毛市,2万4281円/m2,8万0270円/坪,-2.39％
高知県,13位,日高村,2万3833円/m2,7万8787円/坪,-1.38％
高知県,14位,土佐清水市,2万1918円/m2,7万2456円/坪,-2.59％
高知県,15位,中土佐町,2万0522円/m2,6万7842円/坪,-1.83％
高知県,16位,四万十町,2万0356円/m2,6万7293円/坪,-1.31％
高知県,17位,室戸市,1万9927円/m2,6万5875円/坪,-2.14％
高知県,18位,檮原町,1万9700円/m2,6万5123円/坪,-0.76％
岡山県,5位,玉野市,3万8768円/m2,12万8161円/坪,-1.59％
岡山県,6位,浅口市,3万6196円/m2,11万9656円/坪,-1.85％
岡山県,7位,総社市,3万6080円/m2,11万9272円/坪,-0.62％
岡山県,8位,里庄町,3万4240円/m2,11万3190円/坪,-1.55％
岡山県,9位,津山市,2万8945円/m2,9万5685円/坪,-2.39％
岡山県,10位,高梁市,2万7397円/m2,9万0569円/坪,-1.77％
鹿児島県,30位,天城町,1万0575円/m2,3万4958円/坪,-2.80％
鹿児島県,31位,南大隅町,1万0442円/m2,3万4521円/坪,-6.28％
鹿児島県,32位,屋久島町,1万0300円/m2,3万4049円/坪,-3.55％
鹿児島県,33位,さつま町,1万0242円/m2,3万3858円/坪,-2.77％
鹿児島県,34位,錦江町,9538円/m2,3万1533円/坪,-10.43％
鹿児島県,35位,肝付町,8875円/m2,2万9338円/坪,-3.86％
鹿児島県,36位,長島町,8316円/m2,2万7493円/坪,-1.38％
熊本県,1位,熊本市中央区,23万4138円/m2,77万4012円/坪,+0.38％
熊本県,1位,熊本市西区,7万5862円/m2,25万0785円/坪,-0.24％
熊本県,1位,熊本市東区,7万0544円/m2,23万3206円/坪,+0.13％
熊本県,1位,熊本市北区,4万8436円/m2,16万0121円/坪,+0.30％
熊本県,1位,熊本市南区,4万6252円/m2,15万2900円/坪,-1.85％
熊本県,2位,菊陽町,4万7741円/m2,15万7822円/坪,+1.00％
滋賀県,1位,草津市,11万1997円/m2,37万0241円/坪,-0.07％
岐阜県,9位,多治見市,4万2625円/m2,14万0909円/坪,-1.46％
岐阜県,10位,羽島市,4万1177円/m2,13万6124円/坪,-1.14％
岐阜県,11位,垂井町,3万9010円/m2,12万8958円/坪,-0.94％
岐阜県,12位,可児市,3万8145円/m2,12万6100円/坪,-0.58％
岐阜県,13位,安八町,3万6742円/m2,12万1463円/坪,-1.11％
岐阜県,14位,美濃加茂市,3万5938円/m2,11万8804円/坪,-0.87％
高知県,19位,黒潮町,1万9618円/m2,6万4855円/坪,-1.16％
高知県,20位,芸西村,1万9066円/m2,6万3030円/坪,-0.78％
高知県,21位,奈半利町,1万8262円/m2,6万0371円/坪,-0.48％
高知県,22位,本山町,1万8171円/m2,6万0070円/坪,-0.93％
高知県,23位,安田町,1万7226円/m2,5万6947円/坪,-2.12％
高知県,24位,土佐町,1万6835円/m2,5万5655円/坪,-1.22％
岡山県,11位,備前市,2万7245円/m2,9万0067円/坪,-2.74％
岡山県,12位,井原市,2万5807円/m2,8万5315円/坪,-2.50％
岡山県,13位,瀬戸内市,2万4406円/m2,8万0681円/坪,-1.29％
岡山県,14位,勝央町,2万3944円/m2,7万9153円/坪,-1.95％
岡山県,15位,矢掛町,2万0625円/m2,6万8181円/坪,-1.59％
岡山県,16位,赤磐市,1万9800円/m2,6万5456円/坪,-1.45％
岡山県,17位,真庭市,1万8543円/m2,6万1300円/坪,-2.20％
鹿児島県,37位,喜界町,7630円/m2,2万5223円/坪,-2.14％
鹿児島県,38位,宇検村,7400円/m2,2万4462円/坪,-26.37％
鹿児島県,39位,大崎町,6766円/m2,2万2369円/坪,-4.98％
鹿児島県,40位,東串良町,6600円/m2,2万1818円/坪,-3.65％
鹿児島県,41位,大和村,3725円/m2,1万2314円/坪,-3.25％
鹿児島県,42位,三島村,1900円/m2,6280円/坪,+0.00％
鹿児島県,43位,十島村,1500円/m2,4958円/坪,+0.00％
熊本県,3位,合志市,3万9866円/m2,13万1790円/坪,-0.18％
熊本県,4位,益城町,3万7666円/m2,12万4517円/坪,+6.44％
熊本県,5位,嘉島町,3万6575円/m2,12万0909円/坪,+0.00％
熊本県,6位,宇土市,3万5290円/m2,11万6661円/坪,-1.07％
熊本県,7位,水俣市,3万1900円/m2,10万5454円/坪,-1.40％
熊本県,8位,大津町,3万0063円/m2,9万9383円/坪,+0.41％
熊本県,9位,荒尾市,2万5887円/m2,8万5577円/坪,+1.21％
滋賀県,2位,大津市,9万1643円/m2,30万2953円/坪,+1.73％
滋賀県,3位,守山市,8万4893円/m2,28万0639円/坪,+0.68％
滋賀県,4位,栗東市,7万1190円/m2,23万5341円/坪,+0.41％
滋賀県,5位,野洲市,6万2744円/m2,20万7418円/坪,+1.30％
滋賀県,6位,近江八幡市,5万6886円/m2,18万8053円/坪,-0.11％
滋賀県,7位,彦根市,5万1788円/m2,17万1201円/坪,-1.55％
滋賀県,8位,湖南市,3万9438円/m2,13万0375円/坪,-0.03％
岐阜県,15位,土岐市,3万5875円/m2,11万8597円/坪,-3.06％
岐阜県,16位,瑞浪市,3万5658円/m2,11万7878円/坪,-0.79％
岐阜県,17位,郡上市,3万4557円/m2,11万4239円/坪,-1.13％
岐阜県,18位,飛騨市,3万4522円/m2,11万4123円/坪,-4.55％
岐阜県,19位,神戸町,3万4400円/m2,11万3719円/坪,-1.55％
岐阜県,20位,本巣市,3万4200円/m2,11万3057円/坪,-2.17％
高知県,25位,津野町,1万5925円/m2,5万2644円/坪,-1.01％
高知県,26位,田野町,1万5466円/m2,5万1129円/坪,-1.28％
高知県,27位,大豊町,1万4825円/m2,4万9008円/坪,-1.17％
高知県,28位,東洋町,1万4600円/m2,4万8264円/坪,-2.23％
高知県,29位,大月町,1万2933円/m2,4万2754円/坪,-1.27％
高知県,30位,仁淀川町,1万1410円/m2,3万7719円/坪,-1.42％
岡山県,18位,新見市,1万8436円/m2,6万0945円/坪,-2.43％
岡山県,19位,和気町,1万6616円/m2,5万4929円/坪,-2.39％
岡山県,20位,久米南町,1万2883円/m2,4万2589円/坪,-2.33％
熊本県,10位,八代市,2万5026円/m2,8万2731円/坪,-1.50％
熊本県,11位,宇城市,2万3178円/m2,7万6624円/坪,-1.60％
熊本県,12位,玉名市,2万2422円/m2,7万4124円/坪,-4.63％
熊本県,13位,人吉市,2万2092円/m2,7万3032円/坪,-2.45％
熊本県,14位,天草市,2万1960円/m2,7万2596円/坪,-2.44％
熊本県,15位,御船町,2万1328円/m2,7万0507円/坪,-1.19％
熊本県,16位,菊池市,1万8863円/m2,6万2357円/坪,-1.46％
滋賀県,9位,東近江市,3万5597円/m2,11万7678円/坪,+0.26％
滋賀県,10位,長浜市,3万4116円/m2,11万2781円/坪,-1.57％
滋賀県,11位,米原市,2万8663円/m2,9万4754円/坪,-2.40％
滋賀県,12位,甲賀市,2万7891円/m2,9万2202円/坪,-1.68％
滋賀県,13位,高島市,2万4573円/m2,8万1234円/坪,-1.96％
滋賀県,14位,愛荘町,2万4200円/m2,7万9999円/坪,-0.54％
滋賀県,15位,竜王町,2万2840円/m2,7万5504円/坪,-0.35％
滋賀県,16位,多賀町,2万1392円/m2,7万0718円/坪,-1.45％
岐阜県,21位,美濃市,2万9477円/m2,9万7447円/坪,-8.24％
岐阜県,22位,下呂市,2万9348円/m2,9万7020円/坪,-2.39％
岐阜県,23位,恵那市,2万8916円/m2,9万5590円/坪,-0.57％
岐阜県,24位,大野町,2万8866円/m2,9万5427円/坪,+6.44％
岐阜県,25位,関市,2万8745円/m2,9万5027円/坪,-1.44％
岐阜県,26位,池田町,2万8040円/m2,9万2694円/坪,-0.57％
高知県,31位,北川村,9800円/m2,3万2396円/坪,-1.01％
高知県,32位,馬路村,7103円/m2,2万3482円/坪,-0.61％
高知県,33位,三原村,6350円/m2,2万0991円/坪,-0.78％
高知県,34位,大川村,3440円/m2,1万1371円/坪,-0.29％
岡山県,21位,美作市,1万2339円/m2,4万0791円/坪,-3.15％
岡山県,22位,奈義町,1万1060円/m2,3万6561円/坪,-2.44％
岡山県,23位,鏡野町,1万0953円/m2,3万6209円/坪,-2.45％
岡山県,24位,美咲町,7702円/m2,2万5462円/坪,-1.96％
岡山県,25位,吉備中央町,6577円/m2,2万1743円/坪,-3.18％
岡山県,26位,新庄村,4705円/m2,1万5553円/坪,-1.67％
岡山県,27位,西粟倉村,4190円/m2,1万3851円/坪,-1.64％
熊本県,17位,甲佐町,1万8625円/m2,6万1570円/坪,-2.36％
熊本県,18位,芦北町,1万8500円/m2,6万1157円/坪,-1.89％
熊本県,19位,山鹿市,1万7947円/m2,5万9330円/坪,-1.79％
熊本県,20位,西原村,1万7300円/m2,5万7190円/坪,-16.12％
熊本県,21位,氷川町,1万7100円/m2,5万6528円/坪,-2.29％
熊本県,22位,玉東町,1万6250円/m2,5万3719円/坪,+0.00％
熊本県,23位,上天草市,1万5850円/m2,5万2396円/坪,-2.66％
熊本県,23位,長洲町,1万5850円/m2,5万2396円/坪,-2.31％
滋賀県,17位,日野町,2万0792円/m2,6万8736円/坪,-1.26％
滋賀県,18位,豊郷町,1万8842円/m2,6万2290円/坪,-0.60％
滋賀県,19位,甲良町,1万3783円/m2,4万5564円/坪,+1.35％
岐阜県,27位,養老町,2万8000円/m2,9万2561円/坪,-3.02％
岐阜県,28位,坂祝町,2万7220円/m2,8万9983円/坪,-0.95％
岐阜県,29位,山県市,2万6727円/m2,8万8356円/坪,-1.45％
岐阜県,30位,関ケ原町,2万5760円/m2,8万5157円/坪,-2.65％
岐阜県,31位,海津市,2万5523円/m2,8万4373円/坪,-2.38％
岐阜県,32位,川辺町,2万4700円/m2,8万1652円/坪,-0.87％
岐阜県,33位,中津川市,2万3222円/m2,7万6768円/坪,-0.60％
岐阜県,34位,御嵩町,2万3071円/m2,7万6269円/坪,-1.64％
熊本県,25位,苓北町,1万4500円/m2,4万7933円/坪,-1.36％
熊本県,26位,小国町,1万4075円/m2,4万6528円/坪,-1.23％
熊本県,27位,阿蘇市,1万2054円/m2,3万9849円/坪,-1.72％
熊本県,28位,山都町,1万1081円/m2,3万6632円/坪,-3.43％
熊本県,29位,津奈木町,1万0480円/m2,3万4644円/坪,-0.38％
熊本県,30位,南小国町,1万0366円/m2,3万4269円/坪,-0.96％
熊本県,31位,高森町,1万0050円/m2,3万3223円/坪,-2.19％
熊本県,32位,南関町,9220円/m2,3万0479円/坪,-1.71％
岐阜県,35位,富加町,2万1940円/m2,7万2528円/坪,-1.35％
岐阜県,36位,輪之内町,2万0525円/m2,6万7851円/坪,-1.08％
岐阜県,37位,揖斐川町,1万9678円/m2,6万5054円/坪,-2.69％
岐阜県,38位,八百津町,1万9166円/m2,6万3360円/坪,-1.88％
岐阜県,39位,白川町,1万3055円/m2,4万3157円/坪,-3.33％
岐阜県,40位,七宗町,1万0375円/m2,3万4297円/坪,-1.38％
熊本県,33位,湯前町,9033円/m2,2万9862円/坪,-1.81％
熊本県,34位,錦町,8240円/m2,2万7239円/坪,-1.20％
熊本県,35位,多良木町,7620円/m2,2万5190円/坪,-1.80％
熊本県,36位,あさぎり町,7462円/m2,2万4669円/坪,-0.33％
熊本県,37位,南阿蘇村,6898円/m2,2万2805円/坪,-3.85％
熊本県,38位,和水町,6791円/m2,2万2451円/坪,-1.81％
岐阜県,41位,白川村,5830円/m2,1万9272円/坪,-0.51％
岐阜県,42位,東白川村,3900円/m2,1万2892円/坪,-1.27％
熊本県,39位,美里町,6510円/m2,2万1520円/坪,-11.43％
熊本県,40位,球磨村,6000円/m2,1万9834円/坪,-4.76％
熊本県,41位,相良村,5700円/m2,1万8842円/坪,-1.72％
熊本県,42位,山江村,5666円/m2,1万8732円/坪,-1.16％
熊本県,43位,水上村,4600円/m2,1万5206円/坪,-1.08％
熊本県,44位,五木村,4533円/m2,1万4986円/坪,-4.23％
熊本県,45位,産山村,3525円/m2,1万1652円/坪,+2.17％
石川県,1位,金沢市,10万6067円/m2,35万0636円/坪,+5.66％
石川県,2位,野々市市,6万9770円/m2,23万0647円/坪,+0.63％
石川県,3位,内灘町,4万0245円/m2,13万3042円/坪,-1.82％
石川県,4位,白山市,3万8651円/m2,12万7772円/坪,-0.92％
石川県,5位,津幡町,3万4877円/m2,11万5298円/坪,-1.04％
石川県,6位,輪島市,3万4115円/m2,11万2778円/坪,-3.23％
石川県,7位,小松市,3万2838円/m2,10万8557円/坪,-1.55％
石川県,8位,加賀市,2万9957円/m2,9万9031円/坪,-0.35％
石川県,9位,能美市,2万5911円/m2,8万5657円/坪,-1.40％
石川県,10位,羽咋市,2万4920円/m2,8万2380円/坪,-2.77％
愛媛県,1位,松山市,12万1608円/m2,40万2013円/坪,-0.73％
石川県,11位,七尾市,2万4565円/m2,8万1206円/坪,-2.77％
石川県,12位,かほく市,2万3729円/m2,7万8444円/坪,-1.15％
石川県,13位,川北町,2万2950円/m2,7万5867円/坪,-1.59％
石川県,14位,穴水町,2万1414円/m2,7万0791円/坪,-4.28％
石川県,15位,能登町,1万5442円/m2,5万1048円/坪,-4.40％
石川県,16位,珠洲市,1万4955円/m2,4万9439円/坪,-5.48％
石川県,17位,志賀町,1万3753円/m2,4万5467円/坪,-3.90％
石川県,18位,宝達志水町,1万2028円/m2,3万9763円/坪,-3.88％
石川県,19位,中能登町,1万0477円/m2,3万4637円/坪,-5.18％
愛媛県,2位,松前町,6万4020円/m2,21万1636円/坪,+4.19％
愛媛県,3位,八幡浜市,5万5278円/m2,18万2740円/坪,-5.81％
愛媛県,4位,東温市,5万0941円/m2,16万8400円/坪,-3.21％
愛媛県,5位,新居浜市,4万4016円/m2,14万5508円/坪,-1.89％
愛媛県,6位,砥部町,4万3925円/m2,14万5206円/坪,-2.41％
愛媛県,7位,宇和島市,4万3685円/m2,14万4415円/坪,-3.61％
愛媛県,8位,四国中央市,4万2422円/m2,14万0240円/坪,-0.45％
愛媛県,9位,伊予市,4万0409円/m2,13万3585円/坪,-3.49％
愛媛県,10位,大洲市,4万0186円/m2,13万2847円/坪,-4.17％
愛媛県,11位,西条市,3万8349円/m2,12万6773円/坪,-1.58％
愛媛県,12位,今治市,3万6897円/m2,12万1975円/坪,-2.15％
愛媛県,13位,内子町,2万9981円/m2,9万9113円/坪,-3.54％
愛媛県,14位,西予市,2万4130円/m2,7万9770円/坪,-2.91％
奈良県,1位,奈良市,12万5757円/m2,41万5726円/坪,-1.46％
愛媛県,15位,伊方町,2万2491円/m2,7万4352円/坪,-4.15％
愛媛県,16位,愛南町,2万0026円/m2,6万6201円/坪,-4.46％
愛媛県,17位,鬼北町,1万7298円/m2,5万7183円/坪,-3.82％
愛媛県,18位,上島町,1万4711円/m2,4万8631円/坪,-2.86％
沖縄県,1位,那覇市,17万7222円/m2,58万5859円/坪,+4.72％
奈良県,2位,橿原市,10万0680円/m2,33万2826円/坪,-0.38％
奈良県,3位,生駒市,9万7662円/m2,32万2850円/坪,+0.49％
奈良県,4位,香芝市,8万4781円/m2,28万0268円/坪,-0.42％
奈良県,5位,大和郡山市,8万3991円/m2,27万7656円/坪,-0.14％
奈良県,6位,王寺町,8万2318円/m2,27万2128円/坪,-0.39％
奈良県,7位,大和高田市,8万0270円/m2,26万5358円/坪,-1.29％
奈良県,8位,斑鳩町,7万9161円/m2,26万1691円/坪,-4.08％
愛媛県,19位,松野町,1万3800円/m2,4万5619円/坪,-3.66％
愛媛県,20位,久万高原町,1万1865円/m2,3万9223円/坪,-4.34％
沖縄県,2位,浦添市,10万9811円/m2,36万3014円/坪,+2.68％
沖縄県,3位,北谷町,8万8930円/m2,29万3983円/坪,+3.27％
沖縄県,4位,宜野湾市,8万1818円/m2,27万0475円/坪,+1.00％
沖縄県,5位,南風原町,7万9130円/m2,26万1589円/坪,+2.69％
沖縄県,6位,豊見城市,7万4229円/m2,24万5386円/坪,+3.29％
奈良県,9位,河合町,7万3216円/m2,24万2038円/坪,-1.07％
奈良県,10位,田原本町,6万8833円/m2,22万7548円/坪,+0.59％
奈良県,11位,天理市,6万7234円/m2,22万2262円/坪,-0.75％
奈良県,12位,広陵町,6万1193円/m2,20万2291円/坪,+1.09％
奈良県,13位,上牧町,6万0433円/m2,19万9779円/坪,-1.37％
奈良県,14位,葛城市,5万8941円/m2,19万4848円/坪,-0.81％
奈良県,15位,三郷町,5万8888円/m2,19万4674円/坪,-2.89％
沖縄県,7位,嘉手納町,7万0714円/m2,23万3766円/坪,+0.55％
沖縄県,8位,西原町,6万4666円/m2,21万3774円/坪,+2.67％
沖縄県,9位,沖縄市,6万2639円/m2,20万7072円/坪,+2.72％
沖縄県,10位,与那原町,5万7350円/m2,18万9586円/坪,+0.90％
沖縄県,11位,糸満市,5万2887円/m2,17万4834円/坪,+7.80％
奈良県,16位,桜井市,5万8771円/m2,19万4285円/坪,-2.17％
奈良県,17位,川西町,5万1600円/m2,17万0578円/坪,-0.44％
奈良県,18位,平群町,4万7238円/m2,15万6160円/坪,-1.35％
奈良県,19位,安堵町,4万6866円/m2,15万4931円/坪,+2.69％
奈良県,20位,三宅町,4万6200円/m2,15万2727円/坪,-0.74％
奈良県,21位,明日香村,4万5457円/m2,15万0271円/坪,-0.84％
奈良県,22位,御所市,4万3187円/m2,14万2768円/坪,-1.50％
奈良県,23位,大淀町,3万1054円/m2,10万2659円/坪,-2.37％
奈良県,24位,五條市,2万7666円/m2,9万1460円/坪,-2.31％
奈良県,25位,高取町,2万7514円/m2,9万0956円/坪,-1.63％
宮城県,1位,仙台市,16万4590円/m2,54万4100円/坪,+4.69％
沖縄県,12位,北中城村,5万0628円/m2,16万7367円/坪,+3.66％
沖縄県,13位,石垣市,4万9900円/m2,16万4958円/坪,+2.13％
沖縄県,14位,読谷村,4万9300円/m2,16万2975円/坪,+2.34％
沖縄県,15位,中城村,4万7975円/m2,15万8595円/坪,+1.48％
沖縄県,16位,八重瀬町,4万6300円/m2,15万3057円/坪,+3.89％
沖縄県,17位,名護市,4万1237円/m2,13万6320円/坪,+0.05％
奈良県,26位,宇陀市,2万7040円/m2,8万9391円/坪,-0.55％
奈良県,27位,下市町,2万4277円/m2,8万0257円/坪,-0.96％
奈良県,28位,吉野町,2万0978円/m2,6万9349円/坪,+8.01％
奈良県,29位,東吉野村,1万0293円/m2,3万4027円/坪,-1.97％
奈良県,30位,川上村,1万0260円/m2,3万3917円/坪,-1.63％
奈良県,31位,十津川村,1万0166円/m2,3万3608円/坪,-13.11％
奈良県,32位,天川村,9966円/m2,3万2947円/坪,-26.72％
奈良県,33位,山添村,8456円/m2,2万7955円/坪,-0.20％
奈良県,34位,曽爾村,7520円/m2,2万4859円/坪,+32.63％
静岡県,1位,静岡市,15万6835円/m2,51万8464円/坪,-0.47％
宮城県,1位,仙台市青葉区,30万6749円/m2,101万4047円/坪,+6.53％
宮城県,1位,仙台市宮城野区,10万7254円/m2,35万4559円/坪,+8.46％
宮城県,1位,仙台市若林区,10万7253円/m2,35万4558円/坪,+4.56％
宮城県,1位,仙台市太白区,8万0397円/m2,26万5776円/坪,+2.34％
宮城県,1位,仙台市泉区,7万5652円/m2,25万0090円/坪,+2.42％
沖縄県,18位,うるま市,3万9592円/m2,13万0885円/坪,+3.84％
沖縄県,19位,南城市,3万3378円/m2,11万0342円/坪,+0.93％
沖縄県,20位,恩納村,3万1300円/m2,10万3471円/坪,+2.62％
沖縄県,21位,本部町,2万3437円/m2,7万7479円/坪,-0.21％
沖縄県,22位,宮古島市,2万2452円/m2,7万4222円/坪,+0.04％
沖縄県,23位,金武町,2万2360円/m2,7万3917円/坪,+0.00％
沖縄県,24位,今帰仁村,1万6166円/m2,5万3443円/坪,-0.41％
奈良県,35位,黒滝村,7426円/m2,2万4550円/坪,-1.89％
奈良県,36位,上北山村,6510円/m2,2万1520円/坪,+7.25％
奈良県,37位,御杖村,5540円/m2,1万8314円/坪,+0.45％
奈良県,38位,下北山村,4773円/m2,1万5779円/坪,-1.99％
奈良県,39位,野迫川村,3903円/m2,1万2903円/坪,-1.51％
静岡県,1位,静岡市葵区,22万8621円/m2,75万5772円/坪,+0.19％
静岡県,1位,静岡市駿河区,13万9375円/m2,46万0745円/坪,-0.01％
静岡県,1位,静岡市清水区,9万3963円/m2,31万0622円/坪,-1.04％
静岡県,2位,三島市,12万6334円/m2,41万7634円/坪,-1.72％
静岡県,3位,長泉町,11万4072円/m2,37万7099円/坪,+0.56％
静岡県,4位,清水町,11万3237円/m2,37万4338円/坪,-0.18％
静岡県,5位,沼津市,10万8263円/m2,35万7894円/坪,-2.77％
福岡県,1位,福岡市,27万8035円/m2,91万9125円/坪,+5.73％
宮城県,2位,多賀城市,5万3850円/m2,17万8016円/坪,+1.10％
宮城県,3位,名取市,4万9500円/m2,16万3636円/坪,+0.72％
宮城県,4位,利府町,4万4920円/m2,14万8495円/坪,+2.36％
宮城県,5位,七ヶ浜町,3万7720円/m2,12万4694円/坪,+0.53％
宮城県,6位,塩竈市,3万7661円/m2,12万4500円/坪,+0.25％
宮城県,7位,富谷市,3万7605円/m2,12万4314円/坪,+7.19％
沖縄県,25位,宜野座村,1万4750円/m2,4万8760円/坪,+0.00％
沖縄県,26位,久米島町,1万3956円/m2,4万6135円/坪,-1.97％
沖縄県,27位,座間味村,1万2450円/m2,4万1157円/坪,+0.00％
沖縄県,28位,国頭村,1万1997円/m2,3万9661円/坪,-0.42％
沖縄県,29位,渡嘉敷村,1万1650円/m2,3万8512円/坪,+0.00％
沖縄県,30位,伊江村,1万0826円/m2,3万5790円/坪,-3.59％
沖縄県,31位,大宜味村,1万0793円/m2,3万5680円/坪,+0.00％
静岡県,6位,浜松市,8万4039円/m2,27万7815円/坪,-0.27％
静岡県,6位,浜松市中区,12万5131円/m2,41万3658円/坪,-0.27％
静岡県,6位,浜松市東区,7万4480円/m2,24万6217円/坪,-0.91％
静岡県,6位,浜松市浜北区,6万2805円/m2,20万7621円/坪,+0.00％
静岡県,6位,浜松市南区,6万2408円/m2,20万6307円/坪,-1.23％
静岡県,6位,浜松市西区,5万6635円/m2,18万7224円/坪,-0.96％
静岡県,6位,浜松市北区,4万2564円/m2,14万0707円/坪,-0.96％
静岡県,6位,浜松市天竜区,2万2616円/m2,7万4763円/坪,+4.00％
静岡県,7位,函南町,7万9466円/m2,26万2699円/坪,-0.03％
静岡県,8位,伊豆の国市,7万7341円/m2,25万5674円/坪,-2.48％
福岡県,1位,福岡市中央区,79万3545円/m2,262万3290円/坪,+7.03％
福岡県,1位,福岡市博多区,48万1000円/m2,159万0082円/坪,+8.39％
福岡県,1位,福岡市早良区,17万5324円/m2,57万9584円/坪,+3.23％
福岡県,1位,福岡市南区,15万5963円/m2,51万5580円/坪,+3.47％
福岡県,1位,福岡市城南区,13万4105円/m2,44万3324円/坪,+2.38％
福岡県,1位,福岡市西区,9万5340円/m2,31万5176円/坪,+1.80％
福岡県,1位,福岡市東区,8万8754円/m2,29万3404円/坪,+5.38％
宮城県,8位,岩沼市,3万5685円/m2,11万7966円/坪,+0.64％
宮城県,9位,石巻市,3万1907円/m2,10万5480円/坪,+2.55％
宮城県,10位,大河原町,2万9937円/m2,9万8966円/坪,+4.36％
宮城県,11位,柴田町,2万9683円/m2,9万8126円/坪,+0.74％
宮城県,12位,大和町,2万7876円/m2,9万2155円/坪,+5.96％
宮城県,13位,東松島市,2万7538円/m2,9万1037円/坪,+0.34％
沖縄県,32位,与那国町,7875円/m2,2万6033円/坪,+0.77％
沖縄県,33位,多良間村,6515円/m2,2万1537円/坪,-1.44％
沖縄県,34位,竹富町,6157円/m2,2万0355円/坪,+0.86％
沖縄県,35位,南大東村,5300円/m2,1万7520円/坪,％
沖縄県,36位,東村,4056円/m2,1万3410円/坪,+0.00％
沖縄県,37位,伊是名村,3210円/m2,1万0611円/坪,+0.00％
沖縄県,38位,伊平屋村,2445円/m2,8082円/坪,+0.00％
沖縄県,39位,粟国村,2060円/m2,6809円/坪,-0.96％
沖縄県,40位,北大東村,1530円/m2,5057円/坪,+0.00％
静岡県,9位,熱海市,7万6031円/m2,25万1342円/坪,-0.25％
静岡県,10位,裾野市,7万5843円/m2,25万0722円/坪,-0.16％
静岡県,11位,御殿場市,7万3107円/m2,24万1677円/坪,-0.38％
静岡県,12位,伊東市,6万8456円/m2,22万6301円/坪,-0.95％
静岡県,13位,富士市,6万8150円/m2,22万5292円/坪,-0.54％
静岡県,14位,藤枝市,6万6787円/m2,22万0784円/坪,-1.86％
福岡県,2位,春日市,10万1910円/m2,33万6894円/坪,+1.17％
福岡県,3位,大野城市,8万8514円/m2,29万2610円/坪,+3.06％
福岡県,4位,北九州市,7万7030円/m2,25万4644円/坪,-1.66％
福岡県,4位,北九州市小倉北区,13万8748円/m2,45万8673円/坪,-1.75％
福岡県,4位,北九州市戸畑区,8万3755円/m2,27万6877円/坪,+0.38％
福岡県,4位,北九州市門司区,6万6963円/m2,22万1366円/坪,-0.70％
宮城県,14位,亘理町,2万7466円/m2,9万0798円/坪,-1.75％
宮城県,15位,気仙沼市,2万7445円/m2,9万0728円/坪,+0.58％
宮城県,16位,松島町,2万6491円/m2,8万7575円/坪,-0.87％
宮城県,17位,大崎市,2万2120円/m2,7万3125円/坪,-0.26％
宮城県,18位,白石市,2万0372円/m2,6万7347円/坪,-2.23％
宮城県,19位,角田市,1万9060円/m2,6万3008円/坪,-1.29％
宮城県,20位,女川町,1万8568円/m2,6万1384円/坪,-8.91％
宮城県,21位,美里町,1万6237円/m2,5万3677円/坪,-1.37％
宮城県,22位,大衡村,1万5780円/m2,5万2165円/坪,-0.75％
沖縄県,41位,渡名喜村,1520円/m2,5024円/坪,-0.65％
静岡県,15位,下田市,6万3362円/m2,20万9462円/坪,-1.15％
静岡県,16位,島田市,5万9238円/m2,19万5829円/坪,-1.40％
静岡県,17位,湖西市,5万5014円/m2,18万1865円/坪,-3.91％
静岡県,18位,焼津市,5万4741円/m2,18万0962円/坪,-2.87％
静岡県,19位,掛川市,5万2613円/m2,17万3928円/坪,-4.81％
静岡県,20位,磐田市,5万0888円/m2,16万8227円/坪,-1.50％
福岡県,4位,北九州市八幡西区,6万4263円/m2,21万2442円/坪,-1.26％
福岡県,4位,北九州市小倉南区,5万9657円/m2,19万7214円/坪,-1.66％
福岡県,4位,北九州市八幡東区,5万7884円/m2,19万1353円/坪,-1.11％
福岡県,4位,北九州市若松区,4万7373円/m2,15万6606円/坪,-2.55％
福岡県,5位,太宰府市,6万7842円/m2,22万4273円/坪,-0.56％
福岡県,6位,筑紫野市,6万3189円/m2,20万8890円/坪,-1.46％
福岡県,7位,志免町,6万0214円/m2,19万9055円/坪,+0.00％
宮城県,23位,涌谷町,1万5656円/m2,5万1756円/坪,-0.52％
宮城県,24位,加美町,1万4756円/m2,4万8782円/坪,-1.98％
宮城県,25位,蔵王町,1万4665円/m2,4万8479円/坪,-2.21％
宮城県,26位,南三陸町,1万3825円/m2,4万5702円/坪,-0.11％
宮城県,27位,川崎町,1万3470円/m2,4万4528円/坪,-1.68％
宮城県,28位,登米市,1万3401円/m2,4万4301円/坪,+0.16％
宮城県,29位,丸森町,1万3233円/m2,4万3746円/坪,+2.43％
静岡県,21位,伊豆市,5万0511円/m2,16万6981円/坪,-2.69％
静岡県,22位,東伊豆町,4万8683円/m2,16万0936円/坪,-1.95％
静岡県,23位,袋井市,4万6642円/m2,15万4188円/坪,+0.58％
静岡県,24位,富士宮市,4万3935円/m2,14万5242円/坪,-1.82％
静岡県,25位,菊川市,3万9766円/m2,13万1460円/坪,-7.47％
静岡県,26位,河津町,3万9300円/m2,12万9917円/坪,-1.71％
静岡県,27位,吉田町,3万7850円/m2,12万5123円/坪,-1.82％
福岡県,8位,那珂川町,5万9685円/m2,19万7308円/坪,+1.00％
福岡県,9位,久留米市,5万7559円/m2,19万0279円/坪,+0.79％
福岡県,10位,粕屋町,5万7553円/m2,19万0258円/坪,-0.44％
福岡県,11位,新宮町,5万3658円/m2,17万7384円/坪,+5.71％
福岡県,12位,篠栗町,5万1876円/m2,17万1493円/坪,+0.31％
福岡県,13位,古賀市,5万0715円/m2,16万7655円/坪,+0.58％
宮城県,30位,栗原市,1万3098円/m2,4万3301円/坪,-0.03％
宮城県,31位,村田町,1万3037円/m2,4万3099円/坪,-1.70％
宮城県,32位,山元町,1万1633円/m2,3万8457円/坪,-1.41％
宮城県,33位,大郷町,9812円/m2,3万2438円/坪,-0.88％
宮城県,34位,色麻町,9316円/m2,3万0798円/坪,-1.58％
静岡県,28位,小山町,3万6335円/m2,12万0118円/坪,-1.26％
静岡県,29位,松崎町,3万5300円/m2,11万6694円/坪,-3.38％
静岡県,30位,牧之原市,3万3808円/m2,11万1763円/坪,-3.57％
静岡県,31位,西伊豆町,3万3220円/m2,10万9818円/坪,-3.15％
静岡県,32位,森町,3万2433円/m2,10万7217円/坪,-1.62％
静岡県,33位,南伊豆町,2万3700円/m2,7万8347円/坪,-1.99％
静岡県,34位,御前崎市,2万2044円/m2,7万2874円/坪,-1.78％
静岡県,35位,川根本町,1万4810円/m2,4万8958円/坪,-1.53％
福岡県,14位,宇美町,4万6400円/m2,15万3388円/坪,+5.75％
福岡県,15位,小郡市,4万4573円/m2,14万7349円/坪,-1.40％
福岡県,16位,須恵町,4万1344円/m2,13万6675円/坪,+2.91％
福岡県,17位,福津市,3万9222円/m2,12万9661円/坪,+0.51％
福岡県,18位,行橋市,3万6462円/m2,12万0537円/坪,+3.65％
福岡県,19位,糸島市,3万5598円/m2,11万7681円/坪,+0.28％
福岡県,20位,筑後市,3万5061円/m2,11万5905円/坪,-1.30％
宮城県,35位,七ヶ宿町,4495円/m2,1万4859円/坪,-19.88％
福岡県,21位,水巻町,3万3788円/m2,11万1698円/坪,-0.56％
福岡県,22位,遠賀町,3万3555円/m2,11万0927円/坪,-0.76％
福岡県,23位,久山町,3万3237円/m2,10万9876円/坪,-0.75％
福岡県,24位,苅田町,3万2763円/m2,10万8309円/坪,+1.96％
福岡県,25位,中間市,3万0935円/m2,10万2265円/坪,-1.36％
福岡県,26位,宗像市,2万8973円/m2,9万5780円/坪,-2.11％
福岡県,27位,柳川市,2万8183円/m2,9万3168円/坪,-2.08％
福岡県,28位,大牟田市,2万7793円/m2,9万1879円/坪,-2.90％
福岡県,29位,岡垣町,2万6825円/m2,8万8677円/坪,-0.56％
福岡県,30位,芦屋町,2万6166円/m2,8万6501円/坪,-0.60％
福岡県,31位,朝倉市,2万4883円/m2,8万2258円/坪,-1.28％
福岡県,32位,飯塚市,2万4564円/m2,8万1205円/坪,-2.40％
福岡県,33位,筑前町,2万4092円/m2,7万9643円/坪,-0.89％
福岡県,34位,大刀洗町,2万4066円/m2,7万9559円/坪,-1.41％
福岡県,35位,直方市,2万3253円/m2,7万6870円/坪,-0.96％
福岡県,36位,大川市,2万2891円/m2,7万5674円/坪,-3.17％
福岡県,37位,広川町,2万2675円/m2,7万4958円/坪,-6.96％
福岡県,38位,豊前市,2万2350円/m2,7万3887円/坪,-1.15％
福岡県,39位,田川市,2万2246円/m2,7万3540円/坪,-1.57％
福岡県,40位,大木町,2万0083円/m2,6万6391円/坪,-0.66％
福岡県,41位,吉富町,1万8625円/m2,6万1570円/坪,-0.60％
福岡県,42位,桂川町,1万8522円/m2,6万1230円/坪,-2.17％
福岡県,43位,うきは市,1万8422円/m2,6万0899円/坪,-1.89％
福岡県,44位,鞍手町,1万7811円/m2,5万8879円/坪,-0.62％
福岡県,45位,みやま市,1万7236円/m2,5万6981円/坪,-1.97％
福岡県,46位,香春町,1万6140円/m2,5万3355円/坪,-2.42％
福岡県,47位,築上町,1万5536円/m2,5万1359円/坪,-1.58％
福岡県,48位,八女市,1万5138円/m2,5万0045円/坪,-2.81％
福岡県,49位,宮若市,1万5104円/m2,4万9931円/坪,-1.29％
福岡県,50位,糸田町,1万3180円/m2,4万3570円/坪,-1.64％
福岡県,51位,みやこ町,1万3040円/m2,4万3107円/坪,-1.93％
福岡県,52位,川崎町,1万2328円/m2,4万0755円/坪,-1.09％
福岡県,53位,嘉麻市,1万2202円/m2,4万0338円/坪,-0.07％
福岡県,54位,添田町,1万1647円/m2,3万8502円/坪,-2.65％
福岡県,55位,小竹町,1万1061円/m2,3万6565円/坪,-1.39％
福岡県,56位,大任町,1万1040円/m2,3万6495円/坪,-1.78％
福岡県,57位,福智町,1万0600円/m2,3万5041円/坪,-2.68％
福岡県,58位,上毛町,8764円/m2,2万8972円/坪,-0.97％
福岡県,59位,東峰村,8100円/m2,2万6776円/坪,-1.72％
福岡県,60位,赤村,7012円/m2,2万3181円/坪,-2.43％
兵庫県,1位,芦屋市,32万1867円/m2,106万4025円/坪,+5.71％
兵庫県,2位,西宮市,25万6496円/m2,84万7923円/坪,+1.16％
兵庫県,3位,神戸市,21万1101円/m2,69万7857円/坪,-0.11％
兵庫県,3位,神戸市中央区,67万1596円/m2,222万0153円/坪,+7.77％
兵庫県,3位,神戸市東灘区,28万9310円/m2,95万6397円/坪,+0.85％
兵庫県,3位,神戸市灘区,26万5725円/m2,87万8429円/坪,-0.03％
兵庫県,3位,神戸市兵庫区,19万6906円/m2,65万0930円/坪,+0.40％
兵庫県,3位,神戸市須磨区,15万9853円/m2,52万8439円/坪,-4.05％
兵庫県,3位,神戸市長田区,14万8245円/m2,49万0069円/坪,-1.20％
千葉県,1位,浦安市,30万3205円/m2,100万2331円/坪,+0.02％
兵庫県,3位,神戸市垂水区,11万9798円/m2,39万6029円/坪,-1.25％
兵庫県,3位,神戸市西区,7万4988円/m2,24万7895円/坪,+1.02％
兵庫県,3位,神戸市北区,5万8861円/m2,19万4585円/坪,-4.88％
兵庫県,4位,尼崎市,20万8137円/m2,68万8058円/坪,+4.07％
千葉県,2位,市川市,26万2783円/m2,86万8704円/坪,-0.66％
千葉県,3位,船橋市,18万2768円/m2,60万4193円/坪,+1.89％
千葉県,4位,松戸市,17万3020円/m2,57万1968円/坪,-2.12％
千葉県,5位,習志野市,17万1576円/m2,56万7196円/坪,-0.54％
千葉県,6位,柏市,15万3273円/m2,50万6690円/坪,+0.88％
千葉県,7位,千葉市,13万9084円/m2,45万9783円/坪,-1.41％
千葉県,7位,千葉市中央区,18万1680円/m2,60万0595円/坪,-1.86％
千葉県,7位,千葉市美浜区,15万5734円/m2,51万4824円/坪,-2.64％
千葉県,7位,千葉市稲毛区,14万4232円/m2,47万6802円/坪,-1.08％
兵庫県,5位,伊丹市,17万0536円/m2,56万3756円/坪,+0.76％
兵庫県,6位,宝塚市,16万1539円/m2,53万4015円/坪,+0.48％
兵庫県,7位,明石市,11万3208円/m2,37万4242円/坪,+0.16％
兵庫県,8位,川西市,10万5050円/m2,34万7272円/坪,-1.49％
兵庫県,9位,姫路市,8万3432円/m2,27万5808円/坪,-1.39％
兵庫県,10位,加古川市,8万1033円/m2,26万7880円/坪,+2.51％
兵庫県,11位,播磨町,7万2530円/m2,23万9768円/坪,+0.28％
兵庫県,12位,三田市,6万7050円/m2,22万1652円/坪,-0.34％
愛知県,1位,名古屋市,33万5599円/m2,110万9421円/坪,+7.57％
千葉県,7位,千葉市花見川区,13万0433円/m2,43万1186円/坪,-2.33％
千葉県,7位,千葉市若葉区,8万4185円/m2,27万8299円/坪,-0.28％
千葉県,7位,千葉市緑区,6万8513円/m2,22万6490円/坪,+1.84％
千葉県,8位,流山市,12万7646円/m2,42万1972円/坪,+0.26％
千葉県,9位,八千代市,11万4931円/m2,37万9939円/坪,-2.12％
千葉県,10位,鎌ケ谷市,9万7709円/m2,32万3006円/坪,+0.58％
兵庫県,13位,洲本市,6万1053円/m2,20万1830円/坪,-2.55％
兵庫県,14位,高砂市,5万9305円/m2,19万6051円/坪,+2.01％
兵庫県,15位,太子町,5万8260円/m2,19万2595円/坪,-1.70％
兵庫県,16位,赤穂市,5万2706円/m2,17万4237円/坪,-1.41％
兵庫県,17位,福崎町,5万1320円/m2,16万9652円/坪,-2.36％
埼玉県,1位,蕨市,27万2363円/m2,90万0375円/坪,+0.57％
愛知県,1位,名古屋市中村区,126万1296円/m2,416万9576円/坪,+30.01％
愛知県,1位,名古屋市中区,98万6032円/m2,325万9612円/坪,+4.31％
愛知県,1位,名古屋市東区,43万2972円/m2,143万1313円/坪,-1.55％
愛知県,1位,名古屋市千種区,29万7553円/m2,98万3649円/坪,-0.60％
愛知県,1位,名古屋市昭和区,26万9484円/m2,89万0859円/坪,+2.45％
千葉県,11位,我孫子市,9万5744円/m2,31万6509円/坪,-4.34％
千葉県,12位,佐倉市,6万8962円/m2,22万7975円/坪,-0.91％
千葉県,13位,四街道市,6万4635円/m2,21万3671円/坪,-0.50％
千葉県,14位,白井市,6万3576円/m2,21万0170円/坪,-2.33％
兵庫県,18位,猪名川町,4万8863円/m2,16万1532円/坪,-1.92％
兵庫県,19位,稲美町,4万7928円/m2,15万8441円/坪,-0.77％
兵庫県,20位,相生市,4万5189円/m2,14万9386円/坪,-2.48％
兵庫県,21位,豊岡市,4万4141円/m2,14万5921円/坪,-2.26％
兵庫県,22位,たつの市,4万3988円/m2,14万5417円/坪,-1.17％
兵庫県,23位,小野市,4万0415円/m2,13万3604円/坪,+0.31％
兵庫県,24位,新温泉町,3万8911円/m2,12万8631円/坪,-7.66％
兵庫県,25位,淡路市,3万8293円/m2,12万6589円/坪,-3.45％
埼玉県,2位,和光市,25万7842円/m2,85万2370円/坪,+6.00％
埼玉県,3位,さいたま市,24万8256円/m2,82万0682円/坪,+2.58％
埼玉県,3位,さいたま市大宮区,53万7644円/m2,177万7336円/坪,+3.90％
埼玉県,3位,さいたま市浦和区,36万5630円/m2,120万8695円/坪,+0.48％
埼玉県,3位,さいたま市南区,24万9030円/m2,82万3240円/坪,+1.59％
埼玉県,3位,さいたま市中央区,23万8307円/m2,78万7794円/坪,-0.90％
愛知県,1位,名古屋市瑞穂区,23万1250円/m2,76万4462円/坪,+3.86％
愛知県,1位,名古屋市熱田区,22万1147円/m2,73万1064円/坪,+1.31％
愛知県,1位,名古屋市西区,20万5731円/m2,68万0103円/坪,+3.72％
愛知県,1位,名古屋市名東区,19万1688円/m2,63万3682円/坪,+1.34％
愛知県,1位,名古屋市北区,17万3255円/m2,57万2746円/坪,+0.85％
千葉県,15位,野田市,6万0851円/m2,20万1162円/坪,-0.34％
千葉県,16位,印西市,4万9762円/m2,16万4505円/坪,-0.38％
千葉県,17位,成田市,4万7555円/m2,15万7208円/坪,+2.25％
千葉県,18位,市原市,4万7443円/m2,15万6836円/坪,+1.03％
千葉県,19位,酒々井町,4万6115円/m2,15万2447円/坪,-2.02％
兵庫県,26位,加西市,3万5092円/m2,11万6009円/坪,-0.83％
兵庫県,27位,三木市,3万4755円/m2,11万4894円/坪,-0.69％
兵庫県,28位,南あわじ市,3万1478円/m2,10万4060円/坪,-2.86％
兵庫県,29位,宍粟市,3万0068円/m2,9万9400円/坪,-3.34％
兵庫県,30位,加東市,2万8791円/m2,9万5179円/坪,-1.35％
兵庫県,31位,朝来市,2万8186円/m2,9万3179円/坪,-5.22％
京都府,1位,京都市,29万4527円/m2,97万3644円/坪,+3.40％
埼玉県,3位,さいたま市北区,17万3820円/m2,57万4613円/坪,+0.47％
埼玉県,3位,さいたま市緑区,15万8746円/m2,52万4782円/坪,+2.00％
埼玉県,3位,さいたま市桜区,15万1235円/m2,49万9951円/坪,+0.34％
埼玉県,3位,さいたま市見沼区,12万1212円/m2,40万0701円/坪,-0.16％
埼玉県,3位,さいたま市西区,10万7305円/m2,35万4729円/坪,+2.09％
埼玉県,3位,さいたま市岩槻区,9万1911円/m2,30万3838円/坪,+0.08％
愛知県,1位,名古屋市天白区,16万6080円/m2,54万9024円/坪,+2.80％
愛知県,1位,名古屋市緑区,14万2952円/m2,47万2569円/坪,+2.39％
愛知県,1位,名古屋市中川区,12万9837円/m2,42万9213円/坪,+0.01％
愛知県,1位,名古屋市南区,12万9822円/m2,42万9166円/坪,-2.14％
愛知県,1位,名古屋市守山区,11万8341円/m2,39万1213円/坪,+0.94％
愛知県,1位,名古屋市港区,10万4022円/m2,34万3875円/坪,-1.64％
千葉県,20位,富里市,4万4342円/m2,14万6587円/坪,+2.02％
千葉県,21位,銚子市,4万0094円/m2,13万2544円/坪,-0.55％
千葉県,22位,袖ケ浦市,3万7625円/m2,12万4380円/坪,+0.99％
千葉県,23位,栄町,3万5377円/m2,11万6951円/坪,-3.69％
千葉県,24位,木更津市,3万4082円/m2,11万2669円/坪,+2.18％
千葉県,25位,茂原市,3万3968円/m2,11万2291円/坪,+0.11％
千葉県,26位,東金市,3万2987円/m2,10万9049円/坪,+0.09％
兵庫県,32位,香美町,2万7175円/m2,8万9834円/坪,-5.34％
兵庫県,33位,上郡町,2万7100円/m2,8万9586円/坪,-3.90％
兵庫県,34位,西脇市,2万6147円/m2,8万6437円/坪,+3.14％
兵庫県,35位,篠山市,2万5768円/m2,8万5184円/坪,+7.84％
兵庫県,36位,養父市,2万0826円/m2,6万8848円/坪,-4.67％
兵庫県,37位,丹波市,2万0766円/m2,6万8650円/坪,-2.13％
京都府,1位,京都市中京区,76万5820円/m2,253万1638円/坪,+11.00％
京都府,1位,京都市下京区,68万9358円/m2,227万8872円/坪,+12.17％
京都府,1位,京都市東山区,38万0692円/m2,125万8486円/坪,+7.49％
京都府,1位,京都市上京区,31万5269円/m2,104万2212円/坪,+2.32％
京都府,1位,京都市北区,25万5863円/m2,84万5830円/坪,+1.03％
京都府,1位,京都市左京区,23万8991円/m2,79万0053円/坪,+2.47％
神奈川県,1位,川崎市,33万8934円/m2,112万0444円/坪,+0.02％
大阪府,1位,大阪市,59万1703円/m2,195万6042円/坪,+8.92％
埼玉県,4位,朝霞市,24万2331円/m2,80万1095円/坪,+2.39％
埼玉県,5位,川口市,23万8419円/m2,78万8163円/坪,+0.02％
埼玉県,6位,志木市,23万1666円/m2,76万5840円/坪,+0.23％
埼玉県,7位,戸田市,21万6285円/m2,71万4994円/坪,+0.95％
埼玉県,8位,新座市,21万4328円/m2,70万8524円/坪,+0.48％
埼玉県,9位,所沢市,19万4780円/m2,64万3903円/坪,-1.26％
埼玉県,10位,富士見市,19万1630円/m2,63万3490円/坪,-2.21％
愛知県,2位,刈谷市,13万5135円/m2,44万6730円/坪,+0.77％
愛知県,3位,長久手市,13万2320円/m2,43万7421円/坪,+3.99％
愛知県,4位,安城市,12万7644円/m2,42万1963円/坪,-2.80％
愛知県,5位,知立市,12万4896円/m2,41万2879円/坪,-0.08％
愛知県,6位,日進市,12万0587円/m2,39万8636円/坪,+4.06％
愛知県,7位,岩倉市,10万8994円/m2,36万0313円/坪,+1.96％
愛知県,8位,大府市,10万8196円/m2,35万7674円/坪,+3.37％
千葉県,27位,君津市,3万2401円/m2,10万7111円/坪,+2.57％
千葉県,28位,館山市,3万2350円/m2,10万6942円/坪,+0.02％
千葉県,29位,大網白里市,3万2014円/m2,10万5832円/坪,-0.02％
千葉県,30位,香取市,2万7887円/m2,9万2190円/坪,-1.02％
千葉県,31位,八街市,2万7600円/m2,9万1239円/坪,-0.14％
千葉県,32位,勝浦市,2万4781円/m2,8万1923円/坪,-0.75％
兵庫県,38位,佐用町,1万9996円/m2,6万6102円/坪,-3.44％
兵庫県,39位,市川町,1万8100円/m2,5万9834円/坪,-6.10％
兵庫県,40位,神河町,1万4135円/m2,4万6729円/坪,+36.47％
兵庫県,41位,多可町,1万2920円/m2,4万2713円/坪,-2.44％
京都府,1位,京都市西京区,20万1897円/m2,66万7430円/坪,-1.52％
京都府,1位,京都市右京区,18万4215円/m2,60万8977円/坪,+0.41％
京都府,1位,京都市南区,16万4282円/m2,54万3083円/坪,+3.43％
京都府,1位,京都市伏見区,15万4609円/m2,51万1104円/坪,+0.81％
京都府,1位,京都市山科区,14万2058円/m2,46万9615円/坪,-1.25％
京都府,2位,長岡京市,18万7648円/m2,62万0323円/坪,-0.23％
神奈川県,1位,川崎市中原区,48万1860円/m2,159万2925円/坪,+0.60％
神奈川県,1位,川崎市川崎区,45万5161円/m2,150万4664円/坪,-4.23％
神奈川県,1位,川崎市幸区,43万1214円/m2,142万5501円/坪,-0.21％
神奈川県,1位,川崎市高津区,32万4254円/m2,107万1917円/坪,+1.33％
神奈川県,1位,川崎市宮前区,26万2482円/m2,86万7711円/坪,-1.94％
大阪府,1位,大阪市中央区,187万1419円/m2,618万6510円/坪,+27.63％
大阪府,1位,大阪市北区,186万9020円/m2,617万8578円/坪,+11.25％
大阪府,1位,大阪市西区,67万7935円/m2,224万1109円/坪,+12.58％
大阪府,1位,大阪市阿倍野区,57万8400円/m2,191万2066円/坪,-0.94％
大阪府,1位,大阪市天王寺区,54万0950円/m2,178万8264円/坪,+5.19％
大阪府,1位,大阪市福島区,42万0333円/m2,138万9531円/坪,+11.85％
大阪府,1位,大阪市浪速区,38万3050円/m2,126万6280円/坪,+10.44％
埼玉県,11位,ふじみ野市,18万2571円/m2,60万3541円/坪,-1.23％
埼玉県,12位,川越市,15万9962円/m2,52万8802円/坪,-0.15％
埼玉県,13位,越谷市,14万8600円/m2,49万1239円/坪,-0.77％
埼玉県,14位,草加市,14万0857円/m2,46万5643円/坪,-1.24％
埼玉県,15位,三芳町,13万7111円/m2,45万3259円/坪,+0.73％
埼玉県,16位,上尾市,12万5591円/m2,41万5179円/坪,-0.61％
愛知県,9位,豊明市,10万7004円/m2,35万3734円/坪,+2.57％
愛知県,10位,みよし市,10万6838円/m2,35万3186円/坪,+2.68％
愛知県,11位,北名古屋市,10万4006円/m2,34万3824円/坪,+1.27％
愛知県,12位,岡崎市,10万3455円/m2,34万2000円/坪,+0.51％
愛知県,13位,春日井市,10万2682円/m2,33万9446円/坪,+0.91％
愛知県,14位,尾張旭市,10万0851円/m2,33万3393円/坪,-1.40％
千葉県,33位,鴨川市,2万4105円/m2,7万9688円/坪,+0.43％
千葉県,34位,旭市,2万3863円/m2,7万8886円/坪,-0.20％
千葉県,35位,匝瑳市,2万3180円/m2,7万6628円/坪,-0.46％
千葉県,36位,一宮町,2万3075円/m2,7万6280円/坪,-2.64％
千葉県,37位,御宿町,1万9366円/m2,6万4022円/坪,-0.30％
千葉県,38位,富津市,1万7490円/m2,5万7821円/坪,-0.70％
千葉県,39位,いすみ市,1万5400円/m2,5万0909円/坪,+2.41％
千葉県,40位,鋸南町,1万5362円/m2,5万0783円/坪,-0.66％
千葉県,41位,南房総市,1万4992円/m2,4万9563円/坪,-0.68％
京都府,3位,向日市,18万5277円/m2,61万2488円/坪,+0.17％
京都府,4位,大山崎町,14万0888円/m2,46万5748円/坪,-0.28％
京都府,5位,宇治市,11万8424円/m2,39万1485円/坪,+0.39％
京都府,6位,京田辺市,11万2816円/m2,37万2945円/坪,-0.49％
京都府,7位,城陽市,9万7526円/m2,32万2403円/坪,+0.93％
京都府,8位,八幡市,8万4646円/m2,27万9822円/坪,-0.43％
広島県,1位,広島市,19万5678円/m2,64万6870円/坪,+4.05％
神奈川県,1位,川崎市多摩区,25万2344円/m2,83万4197円/坪,-0.59％
神奈川県,1位,川崎市麻生区,22万2890円/m2,73万6829円/坪,+0.28％
神奈川県,2位,横浜市,31万3420円/m2,103万6101円/坪,+1.98％
神奈川県,2位,横浜市西区,124万4878円/m2,411万5299円/坪,+25.03％
神奈川県,2位,横浜市中区,52万3761円/m2,173万1443円/坪,+1.72％
神奈川県,2位,横浜市港北区,35万7056円/m2,118万0353円/坪,+0.48％
神奈川県,2位,横浜市神奈川区,35万2240円/m2,116万4432円/坪,+0.17％
大阪府,1位,大阪市淀川区,32万9161円/m2,108万8136円/坪,-0.72％
大阪府,1位,大阪市都島区,32万1875円/m2,106万4049円/坪,-0.08％
大阪府,1位,大阪市住吉区,26万0741円/m2,86万1956円/坪,-1.21％
大阪府,1位,大阪市東成区,24万8941円/m2,82万2946円/坪,-0.50％
大阪府,1位,大阪市城東区,24万2791円/m2,80万2617円/坪,-2.35％
大阪府,1位,大阪市港区,24万1271円/m2,79万7591円/坪,-0.48％
埼玉県,17位,狭山市,12万0260円/m2,39万7555円/坪,-0.80％
埼玉県,18位,三郷市,11万4523円/m2,37万8590円/坪,-0.52％
埼玉県,19位,八潮市,11万0850円/m2,36万6446円/坪,+0.12％
埼玉県,20位,入間市,10万7857円/m2,35万6552円/坪,-1.54％
埼玉県,21位,吉川市,10万2161円/m2,33万7724円/坪,-0.08％
埼玉県,22位,春日部市,9万5961円/m2,31万7228円/坪,-2.53％
愛知県,15位,豊橋市,9万6727円/m2,31万9760円/坪,-1.37％
愛知県,16位,豊田市,9万5124円/m2,31万4460円/坪,+3.89％
愛知県,17位,清須市,9万3762円/m2,30万9959円/坪,+0.33％
愛知県,18位,東郷町,9万2371円/m2,30万5360円/坪,+1.19％
愛知県,19位,豊山町,8万9688円/m2,29万6492円/坪,+0.07％
愛知県,20位,小牧市,8万9546円/m2,29万6020円/坪,+2.03％
愛知県,21位,東海市,8万7640円/m2,28万9719円/坪,-0.93％
愛知県,22位,蟹江町,8万7121円/m2,28万8004円/坪,+0.07％
千葉県,42位,山武市,1万4931円/m2,4万9361円/坪,-0.20％
千葉県,43位,東庄町,1万4828円/m2,4万9020円/坪,-0.57％
千葉県,44位,多古町,1万3950円/m2,4万6115円/坪,+8.81％
千葉県,45位,横芝光町,1万3580円/m2,4万4895円/坪,+1.41％
千葉県,46位,長生村,1万2928円/m2,4万2739円/坪,-0.11％
千葉県,47位,睦沢町,1万2300円/m2,4万0661円/坪,-0.20％
千葉県,48位,芝山町,1万1950円/m2,3万9504円/坪,-0.52％
京都府,9位,亀岡市,7万3751円/m2,24万3806円/坪,-2.74％
京都府,10位,久御山町,7万2146円/m2,23万8499円/坪,+0.32％
京都府,11位,精華町,7万1915円/m2,23万7738円/坪,-2.38％
京都府,12位,木津川市,6万6305円/m2,21万9190円/坪,-0.64％
京都府,13位,舞鶴市,4万6436円/m2,15万3508円/坪,-2.10％
京都府,14位,井手町,3万9857円/m2,13万1759円/坪,-1.86％
広島県,1位,広島市中区,60万1367円/m2,198万7990円/坪,+7.75％
広島県,1位,広島市南区,22万3760円/m2,73万9704円/坪,+7.28％
広島県,1位,広島市西区,15万9101円/m2,52万5956円/坪,+1.28％
広島県,1位,広島市東区,15万4614円/m2,51万1122円/坪,+4.48％
広島県,1位,広島市安佐南区,9万5021円/m2,31万4121円/坪,+1.98％
広島県,1位,広島市佐伯区,9万0774円/m2,30万0080円/坪,+1.76％
広島県,1位,広島市安芸区,6万9794円/m2,23万0724円/坪,+0.57％
広島県,1位,広島市安佐北区,6万0435円/m2,19万9786円/坪,-1.86％
広島県,2位,府中町,13万5450円/m2,44万7768円/坪,+5.23％
神奈川県,2位,横浜市青葉区,31万0065円/m2,102万5010円/坪,-0.64％
神奈川県,2位,横浜市鶴見区,29万6007円/m2,97万8538円/坪,-1.97％
神奈川県,2位,横浜市都筑区,27万0780円/m2,89万5140円/坪,+0.20％
神奈川県,2位,横浜市南区,25万5847円/m2,84万5777円/坪,+2.62％
神奈川県,2位,横浜市港南区,23万5779円/m2,77万9436円/坪,-0.84％
大阪府,1位,大阪市東住吉区,23万6791円/m2,78万2782円/坪,+1.33％
大阪府,1位,大阪市旭区,23万6222円/m2,78万0899円/坪,-1.93％
大阪府,1位,大阪市東淀川区,21万9968円/m2,72万7169円/坪,-0.66％
大阪府,1位,大阪市鶴見区,21万5476円/m2,71万2317円/坪,-2.24％
大阪府,1位,大阪市住之江区,19万4580円/m2,64万3242円/坪,-1.54％
大阪府,1位,大阪市此花区,19万1178円/m2,63万1995円/坪,-0.53％
埼玉県,23位,鶴ヶ島市,9万5677円/m2,31万6290円/坪,+5.61％
埼玉県,24位,桶川市,9万5066円/m2,31万4269円/坪,-2.06％
埼玉県,25位,北本市,9万1622円/m2,30万2885円/坪,+0.00％
埼玉県,26位,坂戸市,9万0908円/m2,30万0522円/坪,+0.44％
埼玉県,27位,蓮田市,9万0136円/m2,29万7973円/坪,-0.72％
埼玉県,28位,飯能市,8万9784円/m2,29万6807円/坪,-0.63％
埼玉県,29位,白岡市,8万5653円/m2,28万3153円/坪,+0.32％
埼玉県,30位,伊奈町,8万4855円/m2,28万0514円/坪,+0.02％
埼玉県,31位,鴻巣市,7万0752円/m2,23万3892円/坪,+1.58％
愛知県,23位,一宮市,8万5273円/m2,28万1895円/坪,-0.28％
愛知県,24位,幸田町,8万5173円/m2,28万1564円/坪,+0.75％
愛知県,25位,高浜市,8万4566円/m2,27万9559円/坪,-1.76％
愛知県,26位,江南市,8万3969円/m2,27万7585円/坪,+1.21％
愛知県,27位,稲沢市,8万3694円/m2,27万6674円/坪,+1.00％
愛知県,28位,大治町,8万0945円/m2,26万7588円/坪,-1.19％
愛知県,29位,東浦町,8万0112円/m2,26万4834円/坪,+0.56％
千葉県,49位,白子町,1万1500円/m2,3万8016円/坪,-0.37％
千葉県,50位,長柄町,1万0725円/m2,3万5454円/坪,+0.00％
千葉県,51位,長南町,1万0642円/m2,3万5183円/坪,+0.27％
千葉県,52位,神崎町,1万0000円/m2,3万3057円/坪,-0.25％
千葉県,53位,九十九里町,9775円/m2,3万2314円/坪,+0.00％
千葉県,54位,大多喜町,8858円/m2,2万9282円/坪,-0.72％
京都府,15位,福知山市,3万8381円/m2,12万6881円/坪,-1.17％
京都府,16位,宮津市,3万3822円/m2,11万1808円/坪,-2.11％
京都府,17位,南丹市,3万3400円/m2,11万0413円/坪,-3.29％
京都府,18位,綾部市,3万1992円/m2,10万5761円/坪,-3.06％
京都府,19位,宇治田原町,3万0028円/m2,9万9267円/坪,-0.61％
京都府,20位,与謝野町,2万0500円/m2,6万7768円/坪,-1.68％
広島県,3位,海田町,11万8900円/m2,39万3057円/坪,+2.73％
広島県,4位,坂町,8万1400円/m2,26万9090円/坪,+1.06％
広島県,5位,廿日市市,7万1360円/m2,23万5900円/坪,+3.12％
広島県,6位,呉市,7万0966円/m2,23万4599円/坪,+0.19％
広島県,7位,福山市,6万0250円/m2,19万9174円/坪,-0.97％
広島県,8位,大竹市,5万5428円/m2,18万3234円/坪,-1.82％
広島県,9位,東広島市,5万1041円/m2,16万8733円/坪,+0.37％
神奈川県,2位,横浜市緑区,22万9790円/m2,75万9638円/坪,+0.11％
神奈川県,2位,横浜市戸塚区,22万8743円/m2,75万6175円/坪,-2.35％
神奈川県,2位,横浜市保土ケ谷区,21万0291円/m2,69万5179円/坪,+0.30％
神奈川県,2位,横浜市磯子区,20万8390円/m2,68万8893円/坪,-0.49％
神奈川県,2位,横浜市泉区,20万1450円/m2,66万5950円/坪,+0.43％
神奈川県,2位,横浜市旭区,19万9563円/m2,65万9714円/坪,-0.80％
神奈川県,2位,横浜市金沢区,19万0785円/m2,63万0696円/坪,-0.65％
大阪府,1位,大阪市生野区,18万9090円/m2,62万5093円/坪,-1.05％
大阪府,1位,大阪市平野区,18万5151円/m2,61万2071円/坪,-0.86％
大阪府,1位,大阪市西淀川区,18万4300円/m2,60万9256円/坪,-1.82％
大阪府,1位,大阪市大正区,18万1853円/m2,60万1169円/坪,+0.10％
大阪府,1位,大阪市西成区,16万3105円/m2,53万9190円/坪,-0.02％
大阪府,2位,吹田市,23万3119円/m2,77万0643円/坪,-0.72％
大阪府,3位,豊中市,22万0425円/m2,72万8679円/坪,-1.65％
埼玉県,32位,東松山市,6万6286円/m2,21万9129円/坪,+0.59％
埼玉県,33位,久喜市,6万4841円/m2,21万4352円/坪,+0.49％
埼玉県,34位,熊谷市,6万3070円/m2,20万8497円/坪,-0.32％
埼玉県,35位,杉戸町,5万9963円/m2,19万8226円/坪,-0.48％
埼玉県,36位,松伏町,5万8600円/m2,19万3719円/坪,+1.86％
埼玉県,37位,日高市,5万6862円/m2,18万7975円/坪,-0.68％
埼玉県,38位,宮代町,5万5383円/m2,18万3085円/坪,-0.20％
愛知県,30位,豊川市,7万9134円/m2,26万1600円/坪,+0.61％
愛知県,31位,半田市,7万7577円/m2,25万6455円/坪,-0.05％
愛知県,32位,あま市,7万5827円/m2,25万0669円/坪,-1.27％
愛知県,33位,碧南市,7万5227円/m2,24万8684円/坪,-1.53％
愛知県,34位,蒲郡市,7万1830円/m2,23万7455円/坪,-1.36％
愛知県,35位,知多市,7万1209円/m2,23万5401円/坪,-0.59％
京都府,21位,京丹後市,1万8950円/m2,6万2647円/坪,-2.03％
京都府,22位,和束町,1万8433円/m2,6万0936円/坪,-1.43％
京都府,23位,京丹波町,1万4831円/m2,4万9028円/坪,-3.10％
京都府,24位,南山城村,1万1366円/m2,3万7575円/坪,-2.85％
京都府,25位,笠置町,1万0566円/m2,3万4931円/坪,-1.86％
京都府,26位,伊根町,7320円/m2,2万4198円/坪,+0.00％
広島県,10位,尾道市,5万0717円/m2,16万7660円/坪,-4.15％
広島県,11位,三原市,5万0522円/m2,16万7015円/坪,-3.24％
広島県,12位,竹原市,4万4925円/m2,14万8512円/坪,-3.18％
広島県,13位,熊野町,4万0154円/m2,13万2742円/坪,-2.19％
広島県,14位,江田島市,3万1123円/m2,10万2886円/坪,-4.80％
広島県,15位,府中市,3万0036円/m2,9万9295円/坪,-1.53％
広島県,16位,三次市,2万5542円/m2,8万4438円/坪,-8.46％
神奈川県,2位,横浜市瀬谷区,18万4125円/m2,60万8677円/坪,-1.83％
神奈川県,2位,横浜市栄区,17万6947円/m2,58万4949円/坪,-2.50％
神奈川県,3位,鎌倉市,24万1643円/m2,79万8820円/坪,-0.35％
神奈川県,4位,藤沢市,23万2214円/m2,76万7651円/坪,-0.57％
神奈川県,5位,逗子市,20万6821円/m2,68万3707円/坪,-1.94％
神奈川県,6位,茅ヶ崎市,19万9891円/m2,66万0797円/坪,-1.57％
大阪府,4位,池田市,20万0748円/m2,66万3631円/坪,-0.76％
大阪府,5位,茨木市,19万3758円/m2,64万0523円/坪,+0.36％
大阪府,6位,箕面市,19万1115円/m2,63万1788円/坪,+2.80％
大阪府,7位,守口市,17万6228円/m2,58万2573円/坪,-1.15％
大阪府,8位,高槻市,17万5612円/m2,58万0538円/坪,-1.92％
埼玉県,39位,滑川町,5万1812円/m2,17万1280円/坪,-0.24％
埼玉県,40位,幸手市,5万0885円/m2,16万8217円/坪,+0.00％
埼玉県,41位,毛呂山町,4万5686円/m2,15万1030円/坪,-1.99％
埼玉県,42位,秩父市,4万4961円/m2,14万8632円/坪,-0.87％
埼玉県,43位,本庄市,4万4291円/m2,14万6419円/坪,-1.57％
埼玉県,44位,深谷市,4万4085円/m2,14万5737円/坪,+1.66％
埼玉県,45位,嵐山町,4万0000円/m2,13万2231円/坪,-0.91％
埼玉県,46位,行田市,3万7412円/m2,12万3676円/坪,-2.90％
埼玉県,47位,加須市,3万6480円/m2,12万0597円/坪,-1.36％
愛知県,36位,犬山市,7万1035円/m2,23万4827円/坪,-0.49％
愛知県,37位,津島市,6万8838円/m2,22万7563円/坪,-1.27％
愛知県,38位,扶桑町,6万8740円/m2,22万7239円/坪,+0.64％
愛知県,39位,西尾市,6万6273円/m2,21万9086円/坪,+1.26％
愛知県,40位,大口町,6万4840円/m2,21万4347円/坪,-3.35％
愛知県,41位,阿久比町,6万3777円/m2,21万0835円/坪,+0.14％
愛知県,42位,弥富市,6万1964円/m2,20万4842円/坪,-1.06％
広島県,17位,庄原市,2万0782円/m2,6万8702円/坪,-3.37％
広島県,18位,安芸高田市,1万9253円/m2,6万3646円/坪,-6.31％
広島県,19位,大崎上島町,1万8716円/m2,6万1873円/坪,-4.83％
広島県,20位,北広島町,1万4800円/m2,4万8925円/坪,-2.50％
広島県,21位,世羅町,1万4592円/m2,4万8239円/坪,-4.58％
広島県,22位,安芸太田町,1万3196円/m2,4万3623円/坪,-5.74％
広島県,23位,神石高原町,6746円/m2,2万2300円/坪,-2.03％
神奈川県,7位,大和市,19万4784円/m2,64万3915円/坪,-2.04％
神奈川県,8位,海老名市,16万6185円/m2,54万9372円/坪,-0.25％
神奈川県,9位,平塚市,16万3816円/m2,54万1541円/坪,-1.72％
神奈川県,10位,相模原市,16万1958円/m2,53万5401円/坪,+1.19％
神奈川県,10位,相模原市南区,20万1805円/m2,66万7125円/坪,+0.37％
神奈川県,10位,相模原市中央区,15万7429円/m2,52万0427円/坪,+0.00％
神奈川県,10位,相模原市緑区,11万5396円/m2,38万1475円/坪,+3.68％
神奈川県,11位,座間市,15万5431円/m2,51万3821円/坪,+1.69％
大阪府,9位,摂津市,16万4878円/m2,54万5053円/坪,-2.14％
大阪府,10位,東大阪市,15万8585円/m2,52万4248円/坪,-0.44％
大阪府,11位,島本町,15万4777円/m2,51万1662円/坪,+0.43％
大阪府,12位,藤井寺市,14万3714円/m2,47万5088円/坪,-2.80％
大阪府,13位,大東市,14万3311円/m2,47万3756円/坪,-0.75％
埼玉県,48位,川島町,3万4442円/m2,11万3860円/坪,-0.74％
埼玉県,49位,越生町,3万4300円/m2,11万3388円/坪,+6.52％
埼玉県,50位,横瀬町,3万3883円/m2,11万2011円/坪,-0.93％
埼玉県,51位,羽生市,3万2626円/m2,10万7857円/坪,-2.22％
埼玉県,52位,小川町,3万1593円/m2,10万4442円/坪,-1.19％
埼玉県,53位,鳩山町,3万1185円/m2,10万3093円/坪,-0.64％
埼玉県,54位,上里町,2万9811円/m2,9万8549円/坪,-0.63％
愛知県,43位,武豊町,6万0191円/m2,19万8979円/坪,-0.85％
愛知県,44位,瀬戸市,5万8713円/m2,19万4092円/坪,-3.21％
愛知県,45位,常滑市,5万7451円/m2,18万9923円/坪,-1.13％
愛知県,46位,愛西市,5万4370円/m2,17万9737円/坪,-1.38％
愛知県,47位,新城市,4万4257円/m2,14万6304円/坪,-1.75％
愛知県,48位,飛島村,4万2000円/m2,13万8842円/坪,-0.14％
愛知県,49位,田原市,4万0278円/m2,13万3153円/坪,-0.85％
神奈川県,12位,厚木市,15万2911円/m2,50万5493円/坪,+0.21％
神奈川県,13位,葉山町,14万6666円/m2,48万4848円/坪,-3.00％
神奈川県,14位,横須賀市,14万3341円/m2,47万3855円/坪,-4.11％
神奈川県,15位,小田原市,13万6653円/m2,45万1745円/坪,-3.81％
神奈川県,16位,大磯町,12万8361円/m2,42万4334円/坪,+0.42％
神奈川県,17位,伊勢原市,12万1245円/m2,40万0813円/坪,-1.76％
大阪府,14位,寝屋川市,13万9822円/m2,46万2224円/坪,-2.40％
大阪府,15位,枚方市,13万5044円/m2,44万6429円/坪,-0.53％
大阪府,16位,八尾市,13万4951円/m2,44万6120円/坪,-1.27％
大阪府,17位,門真市,13万4733円/m2,44万5399円/坪,-0.93％
大阪府,18位,堺市,13万0067円/m2,42万9976円/坪,+0.49％
大阪府,18位,堺市北区,16万7705円/m2,55万4399円/坪,+0.50％
埼玉県,55位,寄居町,2万8785円/m2,9万5159円/坪,-3.13％
埼玉県,56位,皆野町,2万8285円/m2,9万3506円/坪,-2.27％
埼玉県,57位,吉見町,2万6760円/m2,8万8462円/坪,-0.37％
埼玉県,58位,長瀞町,2万1040円/m2,6万9553円/坪,-2.05％
埼玉県,59位,小鹿野町,1万9550円/m2,6万4628円/坪,-8.28％
埼玉県,60位,ときがわ町,1万9533円/m2,6万4572円/坪,-1.26％
埼玉県,61位,美里町,1万5166円/m2,5万0137円/坪,-2.05％
埼玉県,62位,神川町,1万2894円/m2,4万2626円/坪,+5.15％
愛知県,50位,美浜町,3万1868円/m2,10万5350円/坪,-5.79％
愛知県,51位,南知多町,2万8847円/m2,9万5362円/坪,-5.58％
愛知県,52位,設楽町,1万4070円/m2,4万6512円/坪,-5.73％
愛知県,53位,東栄町,1万2800円/m2,4万2314円/坪,-4.12％
愛知県,54位,豊根村,4216円/m2,1万3939円/坪,-1.94％
神奈川県,18位,二宮町,11万9362円/m2,39万4586円/坪,-2.40％
神奈川県,19位,綾瀬市,11万9168円/m2,39万3943円/坪,-1.54％
神奈川県,20位,寒川町,11万7552円/m2,38万8603円/坪,-1.71％
神奈川県,21位,松田町,10万9875円/m2,36万3223円/坪,-1.68％
神奈川県,22位,秦野市,10万0559円/m2,33万2428円/坪,-2.28％
大阪府,18位,堺市堺区,15万3120円/m2,50万6184円/坪,+1.22％
大阪府,18位,堺市西区,12万9006円/m2,42万6469円/坪,+0.04％
大阪府,18位,堺市東区,12万4345円/m2,41万1060円/坪,+0.19％
大阪府,18位,堺市中区,10万7396円/m2,35万5030円/坪,+0.04％
大阪府,18位,堺市南区,9万4823円/m2,31万3467円/坪,+0.57％
大阪府,18位,堺市美原区,7万0447円/m2,23万2882円/坪,+0.99％
大阪府,19位,四條畷市,12万5142円/m2,41万3695円/坪,-1.04％
埼玉県,63位,東秩父村,9533円/m2,3万1515円/坪,-1.24％
神奈川県,23位,開成町,9万8642円/m2,32万6092円/坪,-0.52％
神奈川県,24位,湯河原町,8万7933円/m2,29万0688円/坪,-6.53％
神奈川県,25位,三浦市,8万1988円/m2,27万1034円/坪,-6.20％
神奈川県,26位,箱根町,7万8016円/m2,25万7906円/坪,-0.25％
神奈川県,27位,大井町,7万7342円/m2,25万5678円/坪,-2.29％
神奈川県,28位,南足柄市,7万0494円/m2,23万3040円/坪,-3.26％
大阪府,20位,高石市,12万3026円/m2,40万6698円/坪,+0.35％
大阪府,21位,交野市,11万9503円/m2,39万5054円/坪,-0.42％
大阪府,22位,松原市,11万8122円/m2,39万0487円/坪,-0.65％
大阪府,23位,泉大津市,11万0508円/m2,36万5316円/坪,+0.87％
大阪府,24位,柏原市,10万7150円/m2,35万4214円/坪,-1.76％
大阪府,25位,大阪狭山市,10万3805円/m2,34万3157円/坪,+0.34％
大阪府,26位,羽曳野市,9万6985円/m2,32万0613円/坪,-2.99％
神奈川県,29位,真鶴町,6万7142円/m2,22万1959円/坪,-7.80％
神奈川県,30位,愛川町,5万6366円/m2,18万6336円/坪,-1.75％
神奈川県,31位,中井町,5万3242円/m2,17万6009円/坪,-3.09％
神奈川県,32位,山北町,5万0850円/m2,16万8099円/坪,-3.69％
神奈川県,33位,清川村,3万6300円/m2,11万9999円/坪,-1.71％
大阪府,27位,岸和田市,9万4398円/m2,31万2061円/坪,-0.58％
大阪府,28位,忠岡町,8万5100円/m2,28万1322円/坪,+3.84％
大阪府,29位,富田林市,8万3720円/m2,27万6763円/坪,-0.96％
大阪府,30位,和泉市,8万3464円/m2,27万5916円/坪,-0.38％
大阪府,31位,河内長野市,7万4182円/m2,24万5231円/坪,-1.76％
大阪府,32位,貝塚市,6万5229円/m2,21万5634円/坪,-0.92％
大阪府,33位,泉佐野市,6万3692円/m2,21万0553円/坪,+0.44％
大阪府,34位,熊取町,5万8078円/m2,19万1994円/坪,-2.71％
大阪府,35位,田尻町,5万5450円/m2,18万3305円/坪,+2.31％
大阪府,36位,太子町,5万1262円/m2,16万9462円/坪,-1.13％
大阪府,37位,泉南市,4万7096円/m2,15万5691円/坪,-1.92％
大阪府,38位,阪南市,4万3528円/m2,14万3896円/坪,+0.00％
大阪府,39位,豊能町,3万9075円/m2,12万9173円/坪,-10.76％
大阪府,40位,河南町,3万5116円/m2,11万6088円/坪,-1.54％
大阪府,41位,千早赤阪村,3万0350円/m2,10万0330円/坪,-2.88％
大阪府,42位,岬町,2万8235円/m2,9万3341円/坪,-0.80％
大阪府,43位,能勢町,1万7940円/m2,5万9305円/坪,-1.43％
